Gender,Age,Dur,PPV
0,0,20,15.195
0,0,21,15.74
0,0,22,16.27
0,0,23,16.78
0,0,24,17.27
0,0,25,17.75
0,0,26,18.22
0,0,27,18.67
0,0,28,19.11
0,0,29,19.53
0,0,30,19.94
0,0,31,20.34
0,0,32,20.73
0,0,33,21.11
0,0,34,21.47
0,0,35,21.81
0,0,36,22.16
0,0,37,22.5
0,0,38,22.81
0,0,39,23.12
0,0,40,23.42
0,0,41,23.72
0,0,42,24.0
0,0,43,24.28
0,0,44,24.55
0,0,45,24.8
0,0,46,25.05
0,0,47,25.28
0,0,48,25.52
0,0,49,25.75
0,0,50,25.97
0,1,19,14.64
0,1,20,15.195
0,1,21,15.74
0,1,22,16.27
0,1,23,16.78
0,1,24,17.27
0,1,25,17.75
0,1,26,18.22
0,1,27,18.67
0,1,28,19.11
0,1,29,19.53
0,1,30,19.94
0,1,31,20.34
0,1,32,20.72
0,1,33,21.1
0,1,34,21.47
0,1,35,21.81
0,1,36,22.16
0,1,37,22.48
0,1,38,22.81
0,1,39,23.12
0,1,40,23.42
0,1,41,23.72
0,1,42,24.0
0,1,43,24.27
0,1,44,24.53
0,1,45,24.8
0,1,46,25.05
0,1,47,25.28
0,1,48,25.52
0,1,49,25.73
0,1,50,25.95
0,2,18,14.06
0,2,19,14.63
0,2,20,15.195
0,2,21,15.734
0,2,22,16.27
0,2,23,16.78
0,2,24,17.27
0,2,25,17.75
0,2,26,18.22
0,2,27,18.66
0,2,28,19.1
0,2,29,19.53
0,2,30,19.94
0,2,31,20.33
0,2,32,20.72
0,2,33,21.1
0,2,34,21.45
0,2,35,21.81
0,2,36,22.16
0,2,37,22.48
0,2,38,22.8
0,2,39,23.11
0,2,40,23.42
0,2,41,23.7
0,2,42,23.98
0,2,43,24.27
0,2,44,24.53
0,2,45,24.78
0,2,46,25.03
0,2,47,25.27
0,2,48,25.5
0,2,49,25.72
0,2,50,25.94
0,3,17,13.46
0,3,18,14.055
0,3,19,14.63
0,3,20,15.195
0,3,21,15.734
0,3,22,16.27
0,3,23,16.77
0,3,24,17.27
0,3,25,17.75
0,3,26,18.2
0,3,27,18.66
0,3,28,19.1
0,3,29,19.52
0,3,30,19.94
0,3,31,20.33
0,3,32,20.72
0,3,33,21.1
0,3,34,21.45
0,3,35,21.81
0,3,36,22.16
0,3,37,22.48
0,3,38,22.8
0,3,39,23.11
0,3,40,23.4
0,3,41,23.7
0,3,42,23.98
0,3,43,24.25
0,3,44,24.52
0,3,45,24.78
0,3,46,25.02
0,3,47,25.27
0,3,48,25.48
0,3,49,25.7
0,3,50,25.92
0,4,16,12.85
0,4,17,13.46
0,4,18,14.055
0,4,19,14.63
0,4,20,15.195
0,4,21,15.734
0,4,22,16.27
0,4,23,16.77
0,4,24,17.27
0,4,25,17.75
0,4,26,18.2
0,4,27,18.66
0,4,28,19.1
0,4,29,19.52
0,4,30,19.94
0,4,31,20.33
0,4,32,20.72
0,4,33,21.1
0,4,34,21.45
0,4,35,21.8
0,4,36,22.14
0,4,37,22.47
0,4,38,22.8
0,4,39,23.11
0,4,40,23.4
0,4,41,23.69
0,4,42,23.97
0,4,43,24.25
0,4,44,24.52
0,4,45,24.77
0,4,46,25.02
0,4,47,25.25
0,4,48,25.47
0,4,49,25.7
0,4,50,25.9
0,5,15,12.22
0,5,16,12.85
0,5,17,13.46
0,5,18,14.055
0,5,19,14.63
0,5,20,15.19
0,5,21,15.734
0,5,22,16.27
0,5,23,16.77
0,5,24,17.27
0,5,25,17.73
0,5,26,18.2
0,5,27,18.66
0,5,28,19.1
0,5,29,19.52
0,5,30,19.92
0,5,31,20.33
0,5,32,20.72
0,5,33,21.08
0,5,34,21.45
0,5,35,21.8
0,5,36,22.14
0,5,37,22.47
0,5,38,22.78
0,5,39,23.1
0,5,40,23.39
0,5,41,23.69
0,5,42,23.97
0,5,43,24.23
0,5,44,24.5
0,5,45,24.75
0,5,46,25.0
0,5,47,25.23
0,5,48,25.45
0,5,49,25.69
0,5,50,25.89
0,6,14,11.56
0,6,15,12.22
0,6,16,12.84
0,6,17,13.46
0,6,18,14.055
0,6,19,14.63
0,6,20,15.19
0,6,21,15.734
0,6,22,16.25
0,6,23,16.77
0,6,24,17.27
0,6,25,17.73
0,6,26,18.2
0,6,27,18.66
0,6,28,19.1
0,6,29,19.52
0,6,30,19.92
0,6,31,20.33
0,6,32,20.7
0,6,33,21.08
0,6,34,21.44
0,6,35,21.8
0,6,36,22.14
0,6,37,22.47
0,6,38,22.78
0,6,39,23.1
0,6,40,23.39
0,6,41,23.67
0,6,42,23.95
0,6,43,24.23
0,6,44,24.48
0,6,45,24.73
0,6,46,24.98
0,6,47,25.22
0,6,48,25.44
0,6,49,25.66
0,6,50,25.88
0,7,13,10.89
0,7,14,11.56
0,7,15,12.21
0,7,16,12.84
0,7,17,13.46
0,7,18,14.055
0,7,19,14.625
0,7,20,15.19
0,7,21,15.73
0,7,22,16.25
0,7,23,16.77
0,7,24,17.25
0,7,25,17.73
0,7,26,18.2
0,7,27,18.66
0,7,28,19.1
0,7,29,19.52
0,7,30,19.92
0,7,31,20.31
0,7,32,20.7
0,7,33,21.08
0,7,34,21.44
0,7,35,21.8
0,7,36,22.12
0,7,37,22.45
0,7,38,22.78
0,7,39,23.08
0,7,40,23.38
0,7,41,23.67
0,7,42,23.95
0,7,43,24.22
0,7,44,24.48
0,7,45,24.73
0,7,46,24.97
0,7,47,25.2
0,7,48,25.42
0,7,49,25.64
0,7,50,25.84
0,8,12,10.195
0,8,13,10.89
0,8,14,11.56
0,8,15,12.21
0,8,16,12.84
0,8,17,13.46
0,8,18,14.055
0,8,19,14.625
0,8,20,15.19
0,8,21,15.73
0,8,22,16.25
0,8,23,16.77
0,8,24,17.25
0,8,25,17.73
0,8,26,18.2
0,8,27,18.64
0,8,28,19.08
0,8,29,19.5
0,8,30,19.92
0,8,31,20.31
0,8,32,20.7
0,8,33,21.08
0,8,34,21.44
0,8,35,21.78
0,8,36,22.12
0,8,37,22.45
0,8,38,22.77
0,8,39,23.08
0,8,40,23.38
0,8,41,23.66
0,8,42,23.94
0,8,43,24.2
0,8,44,24.47
0,8,45,24.72
0,8,46,24.95
0,8,47,25.19
0,8,48,25.4
0,8,49,25.62
0,8,50,25.83
0,9,11,9.484
0,9,12,10.195
0,9,13,10.89
0,9,14,11.56
0,9,15,12.21
0,9,16,12.84
0,9,17,13.45
0,9,18,14.05
0,9,19,14.625
0,9,20,15.19
0,9,21,15.73
0,9,22,16.25
0,9,23,16.77
0,9,24,17.25
0,9,25,17.73
0,9,26,18.2
0,9,27,18.64
0,9,28,19.08
0,9,29,19.5
0,9,30,19.92
0,9,31,20.31
0,9,32,20.7
0,9,33,21.06
0,9,34,21.44
0,9,35,21.78
0,9,36,22.12
0,9,37,22.44
0,9,38,22.77
0,9,39,23.06
0,9,40,23.36
0,9,41,23.66
0,9,42,23.92
0,9,43,24.19
0,9,44,24.45
0,9,45,24.7
0,9,46,24.94
0,9,47,25.16
0,9,48,25.39
0,9,49,25.6
0,9,50,25.8
0,10,10,8.75
0,10,11,9.484
0,10,12,10.195
0,10,13,10.89
0,10,14,11.56
0,10,15,12.21
0,10,16,12.84
0,10,17,13.45
0,10,18,14.05
0,10,19,14.625
0,10,20,15.18
0,10,21,15.73
0,10,22,16.25
0,10,23,16.75
0,10,24,17.25
0,10,25,17.73
0,10,26,18.19
0,10,27,18.64
0,10,28,19.08
0,10,29,19.5
0,10,30,19.9
0,10,31,20.31
0,10,32,20.69
0,10,33,21.06
0,10,34,21.42
0,10,35,21.77
0,10,36,22.11
0,10,37,22.44
0,10,38,22.75
0,10,39,23.06
0,10,40,23.36
0,10,41,23.64
0,10,42,23.9
0,10,43,24.17
0,10,44,24.44
0,10,45,24.67
0,10,46,24.9
0,10,47,25.14
0,10,48,25.36
0,10,49,25.56
0,10,50,25.77
0,11,9,7.99
0,11,10,8.75
0,11,11,9.484
0,11,12,10.195
0,11,13,10.89
0,11,14,11.56
0,11,15,12.21
0,11,16,12.84
0,11,17,13.45
0,11,18,14.05
0,11,19,14.625
0,11,20,15.18
0,11,21,15.72
0,11,22,16.25
0,11,23,16.75
0,11,24,17.25
0,11,25,17.73
0,11,26,18.19
0,11,27,18.64
0,11,28,19.08
0,11,29,19.5
0,11,30,19.9
0,11,31,20.3
0,11,32,20.69
0,11,33,21.06
0,11,34,21.42
0,11,35,21.77
0,11,36,22.11
0,11,37,22.42
0,11,38,22.75
0,11,39,23.05
0,11,40,23.34
0,11,41,23.62
0,11,42,23.89
0,11,43,24.16
0,11,44,24.4
0,11,45,24.66
0,11,46,24.89
0,11,47,25.11
0,11,48,25.33
0,11,49,25.53
0,11,50,25.73
0,12,8,7.203
0,12,9,7.99
0,12,10,8.74
0,12,11,9.484
0,12,12,10.195
0,12,13,10.89
0,12,14,11.56
0,12,15,12.21
0,12,16,12.84
0,12,17,13.45
0,12,18,14.05
0,12,19,14.625
0,12,20,15.18
0,12,21,15.72
0,12,22,16.25
0,12,23,16.75
0,12,24,17.25
0,12,25,17.72
0,12,26,18.19
0,12,27,18.64
0,12,28,19.08
0,12,29,19.5
0,12,30,19.9
0,12,31,20.3
0,12,32,20.69
0,12,33,21.05
0,12,34,21.4
0,12,35,21.77
0,12,36,22.1
0,12,37,22.42
0,12,38,22.73
0,12,39,23.03
0,12,40,23.33
0,12,41,23.61
0,12,42,23.88
0,12,43,24.14
0,12,44,24.39
0,12,45,24.62
0,12,46,24.86
0,12,47,25.1
0,12,48,25.3
0,12,49,25.5
0,12,50,25.7
0,13,7,6.4
0,13,8,7.203
0,13,9,7.99
0,13,10,8.74
0,13,11,9.484
0,13,12,10.195
0,13,13,10.89
0,13,14,11.555
0,13,15,12.21
0,13,16,12.836
0,13,17,13.45
0,13,18,14.05
0,13,19,14.62
0,13,20,15.18
0,13,21,15.72
0,13,22,16.25
0,13,23,16.75
0,13,24,17.25
0,13,25,17.72
0,13,26,18.19
0,13,27,18.64
0,13,28,19.06
0,13,29,19.48
0,13,30,19.89
0,13,31,20.3
0,13,32,20.67
0,13,33,21.05
0,13,34,21.4
0,13,35,21.75
0,13,36,22.08
0,13,37,22.4
0,13,38,22.72
0,13,39,23.02
0,13,40,23.31
0,13,41,23.6
0,13,42,23.86
0,13,43,24.12
0,13,44,24.36
0,13,45,24.61
0,13,46,24.83
0,13,47,25.06
0,13,48,25.27
0,13,49,25.47
0,13,50,25.66
0,14,6,5.566
0,14,7,6.4
0,14,8,7.203
0,14,9,7.99
0,14,10,8.74
0,14,11,9.484
0,14,12,10.195
0,14,13,10.88
0,14,14,11.555
0,14,15,12.21
0,14,16,12.836
0,14,17,13.45
0,14,18,14.05
0,14,19,14.62
0,14,20,15.18
0,14,21,15.72
0,14,22,16.23
0,14,23,16.75
0,14,24,17.23
0,14,25,17.72
0,14,26,18.19
0,14,27,18.62
0,14,28,19.06
0,14,29,19.48
0,14,30,19.89
0,14,31,20.28
0,14,32,20.67
0,14,33,21.03
0,14,34,21.39
0,14,35,21.73
0,14,36,22.08
0,14,37,22.39
0,14,38,22.7
0,14,39,23.0
0,14,40,23.3
0,14,41,23.56
0,14,42,23.84
0,14,43,24.1
0,14,44,24.34
0,14,45,24.58
0,14,46,24.8
0,14,47,25.02
0,14,48,25.23
0,14,49,25.42
0,14,50,25.61
0,15,5,4.707
0,15,6,5.566
0,15,7,6.4
0,15,8,7.203
0,15,9,7.984
0,15,10,8.74
0,15,11,9.48
0,15,12,10.195
0,15,13,10.88
0,15,14,11.555
0,15,15,12.2
0,15,16,12.836
0,15,17,13.45
0,15,18,14.04
0,15,19,14.62
0,15,20,15.17
0,15,21,15.72
0,15,22,16.23
0,15,23,16.75
0,15,24,17.23
0,15,25,17.72
0,15,26,18.17
0,15,27,18.62
0,15,28,19.06
0,15,29,19.48
0,15,30,19.89
0,15,31,20.28
0,15,32,20.66
0,15,33,21.03
0,15,34,21.39
0,15,35,21.73
0,15,36,22.06
0,15,37,22.38
0,15,38,22.69
0,15,39,22.98
0,15,40,23.27
0,15,41,23.55
0,15,42,23.81
0,15,43,24.06
0,15,44,24.31
0,15,45,24.55
0,15,46,24.77
0,15,47,24.98
0,15,48,25.19
0,15,49,25.38
0,15,50,25.56
0,16,4,3.822
0,16,5,4.707
0,16,6,5.566
0,16,7,6.4
0,16,8,7.203
0,16,9,7.984
0,16,10,8.74
0,16,11,9.48
0,16,12,10.195
0,16,13,10.88
0,16,14,11.555
0,16,15,12.2
0,16,16,12.836
0,16,17,13.445
0,16,18,14.04
0,16,19,14.62
0,16,20,15.17
0,16,21,15.71
0,16,22,16.23
0,16,23,16.75
0,16,24,17.23
0,16,25,17.72
0,16,26,18.17
0,16,27,18.62
0,16,28,19.06
0,16,29,19.47
0,16,30,19.88
0,16,31,20.27
0,16,32,20.66
0,16,33,21.02
0,16,34,21.38
0,16,35,21.72
0,16,36,22.05
0,16,37,22.36
0,16,38,22.67
0,16,39,22.97
0,16,40,23.25
0,16,41,23.52
0,16,42,23.78
0,16,43,24.03
0,16,44,24.28
0,16,45,24.5
0,16,46,24.73
0,16,47,24.94
0,16,48,25.14
0,16,49,25.33
0,16,50,25.5
0,17,3,2.91
0,17,4,3.822
0,17,5,4.707
0,17,6,5.566
0,17,7,6.395
0,17,8,7.203
0,17,9,7.984
0,17,10,8.74
0,17,11,9.48
0,17,12,10.195
0,17,13,10.88
0,17,14,11.555
0,17,15,12.2
0,17,16,12.836
0,17,17,13.445
0,17,18,14.04
0,17,19,14.62
0,17,20,15.17
0,17,21,15.71
0,17,22,16.23
0,17,23,16.73
0,17,24,17.23
0,17,25,17.7
0,17,26,18.17
0,17,27,18.61
0,17,28,19.05
0,17,29,19.47
0,17,30,19.88
0,17,31,20.27
0,17,32,20.64
0,17,33,21.0
0,17,34,21.36
0,17,35,21.7
0,17,36,22.03
0,17,37,22.34
0,17,38,22.64
0,17,39,22.94
0,17,40,23.22
0,17,41,23.5
0,17,42,23.75
0,17,43,24.0
0,17,44,24.23
0,17,45,24.47
0,17,46,24.69
0,17,47,24.89
0,17,48,25.08
0,17,49,25.27
0,17,50,25.44
0,18,2,1.97
0,18,3,2.91
0,18,4,3.822
0,18,5,4.707
0,18,6,5.566
0,18,7,6.395
0,18,8,7.203
0,18,9,7.984
0,18,10,8.74
0,18,11,9.48
0,18,12,10.195
0,18,13,10.88
0,18,14,11.555
0,18,15,12.2
0,18,16,12.836
0,18,17,13.445
0,18,18,14.04
0,18,19,14.61
0,18,20,15.17
0,18,21,15.71
0,18,22,16.23
0,18,23,16.73
0,18,24,17.23
0,18,25,17.7
0,18,26,18.17
0,18,27,18.61
0,18,28,19.05
0,18,29,19.45
0,18,30,19.86
0,18,31,20.25
0,18,32,20.62
0,18,33,21.0
0,18,34,21.34
0,18,35,21.69
0,18,36,22.0
0,18,37,22.33
0,18,38,22.62
0,18,39,22.92
0,18,40,23.19
0,18,41,23.45
0,18,42,23.72
0,18,43,23.97
0,18,44,24.2
0,18,45,24.42
0,18,46,24.62
0,18,47,24.83
0,18,48,25.03
0,18,49,25.2
0,18,50,25.38
0,19,1,1.0
0,19,2,1.97
0,19,3,2.91
0,19,4,3.822
0,19,5,4.707
0,19,6,5.562
0,19,7,6.395
0,19,8,7.203
0,19,9,7.984
0,19,10,8.74
0,19,11,9.48
0,19,12,10.19
0,19,13,10.88
0,19,14,11.555
0,19,15,12.2
0,19,16,12.836
0,19,17,13.445
0,19,18,14.04
0,19,19,14.61
0,19,20,15.164
0,19,21,15.7
0,19,22,16.23
0,19,23,16.73
0,19,24,17.22
0,19,25,17.7
0,19,26,18.16
0,19,27,18.61
0,19,28,19.03
0,19,29,19.45
0,19,30,19.86
0,19,31,20.23
0,19,32,20.61
0,19,33,20.98
0,19,34,21.33
0,19,35,21.66
0,19,36,21.98
0,19,37,22.3
0,19,38,22.6
0,19,39,22.89
0,19,40,23.16
0,19,41,23.42
0,19,42,23.67
0,19,43,23.92
0,19,44,24.16
0,19,45,24.38
0,19,46,24.58
0,19,47,24.78
0,19,48,24.95
0,19,49,25.14
0,19,50,25.3
0,20,1,1.0
0,20,2,1.97
0,20,3,2.91
0,20,4,3.822
0,20,5,4.707
0,20,6,5.562
0,20,7,6.395
0,20,8,7.203
0,20,9,7.984
0,20,10,8.74
0,20,11,9.48
0,20,12,10.19
0,20,13,10.88
0,20,14,11.555
0,20,15,12.2
0,20,16,12.836
0,20,17,13.445
0,20,18,14.03
0,20,19,14.61
0,20,20,15.164
0,20,21,15.7
0,20,22,16.22
0,20,23,16.73
0,20,24,17.22
0,20,25,17.69
0,20,26,18.16
0,20,27,18.6
0,20,28,19.03
0,20,29,19.44
0,20,30,19.84
0,20,31,20.23
0,20,32,20.6
0,20,33,20.95
0,20,34,21.31
0,20,35,21.64
0,20,36,21.97
0,20,37,22.27
0,20,38,22.56
0,20,39,22.84
0,20,40,23.12
0,20,41,23.39
0,20,42,23.62
0,20,43,23.88
0,20,44,24.1
0,20,45,24.31
0,20,46,24.52
0,20,47,24.7
0,20,48,24.89
0,20,49,25.06
0,20,50,25.22
0,21,1,1.0
0,21,2,1.97
0,21,3,2.91
0,21,4,3.822
0,21,5,4.707
0,21,6,5.562
0,21,7,6.395
0,21,8,7.203
0,21,9,7.984
0,21,10,8.74
0,21,11,9.48
0,21,12,10.19
0,21,13,10.88
0,21,14,11.555
0,21,15,12.2
0,21,16,12.83
0,21,17,13.445
0,21,18,14.03
0,21,19,14.61
0,21,20,15.164
0,21,21,15.7
0,21,22,16.22
0,21,23,16.73
0,21,24,17.22
0,21,25,17.69
0,21,26,18.14
0,21,27,18.6
0,21,28,19.02
0,21,29,19.42
0,21,30,19.83
0,21,31,20.2
0,21,32,20.58
0,21,33,20.94
0,21,34,21.28
0,21,35,21.61
0,21,36,21.94
0,21,37,22.23
0,21,38,22.53
0,21,39,22.81
0,21,40,23.08
0,21,41,23.34
0,21,42,23.58
0,21,43,23.81
0,21,44,24.03
0,21,45,24.25
0,21,46,24.45
0,21,47,24.64
0,21,48,24.81
0,21,49,24.97
0,21,50,25.12
0,22,1,1.0
0,22,2,1.97
0,22,3,2.91
0,22,4,3.822
0,22,5,4.707
0,22,6,5.562
0,22,7,6.395
0,22,8,7.203
0,22,9,7.984
0,22,10,8.74
0,22,11,9.48
0,22,12,10.19
0,22,13,10.88
0,22,14,11.55
0,22,15,12.2
0,22,16,12.83
0,22,17,13.44
0,22,18,14.03
0,22,19,14.6
0,22,20,15.16
0,22,21,15.695
0,22,22,16.22
0,22,23,16.72
0,22,24,17.2
0,22,25,17.69
0,22,26,18.14
0,22,27,18.58
0,22,28,19.0
0,22,29,19.4
0,22,30,19.81
0,22,31,20.19
0,22,32,20.56
0,22,33,20.92
0,22,34,21.25
0,22,35,21.58
0,22,36,21.9
0,22,37,22.2
0,22,38,22.5
0,22,39,22.77
0,22,40,23.03
0,22,41,23.28
0,22,42,23.53
0,22,43,23.75
0,22,44,23.97
0,22,45,24.17
0,22,46,24.38
0,22,47,24.55
0,22,48,24.72
0,22,49,24.88
0,22,50,25.03
0,23,1,1.0
0,23,2,1.97
0,23,3,2.91
0,23,4,3.822
0,23,5,4.707
0,23,6,5.562
0,23,7,6.395
0,23,8,7.203
0,23,9,7.984
0,23,10,8.74
0,23,11,9.48
0,23,12,10.19
0,23,13,10.88
0,23,14,11.55
0,23,15,12.195
0,23,16,12.83
0,23,17,13.44
0,23,18,14.03
0,23,19,14.6
0,23,20,15.16
0,23,21,15.695
0,23,22,16.22
0,23,23,16.72
0,23,24,17.2
0,23,25,17.67
0,23,26,18.12
0,23,27,18.56
0,23,28,18.98
0,23,29,19.39
0,23,30,19.8
0,23,31,20.17
0,23,32,20.53
0,23,33,20.89
0,23,34,21.23
0,23,35,21.55
0,23,36,21.86
0,23,37,22.16
0,23,38,22.45
0,23,39,22.72
0,23,40,22.98
0,23,41,23.23
0,23,42,23.47
0,23,43,23.69
0,23,44,23.9
0,23,45,24.1
0,23,46,24.28
0,23,47,24.47
0,23,48,24.62
0,23,49,24.78
0,23,50,24.92
0,24,1,1.0
0,24,2,1.97
0,24,3,2.91
0,24,4,3.822
0,24,5,4.707
0,24,6,5.562
0,24,7,6.395
0,24,8,7.2
0,24,9,7.984
0,24,10,8.74
0,24,11,9.48
0,24,12,10.19
0,24,13,10.875
0,24,14,11.55
0,24,15,12.195
0,24,16,12.83
0,24,17,13.44
0,24,18,14.02
0,24,19,14.59
0,24,20,15.15
0,24,21,15.69
0,24,22,16.2
0,24,23,16.7
0,24,24,17.19
0,24,25,17.66
0,24,26,18.11
0,24,27,18.55
0,24,28,18.97
0,24,29,19.38
0,24,30,19.77
0,24,31,20.14
0,24,32,20.52
0,24,33,20.86
0,24,34,21.19
0,24,35,21.52
0,24,36,21.83
0,24,37,22.12
0,24,38,22.4
0,24,39,22.67
0,24,40,22.92
0,24,41,23.17
0,24,42,23.39
0,24,43,23.61
0,24,44,23.81
0,24,45,24.02
0,24,46,24.19
0,24,47,24.36
0,24,48,24.52
0,24,49,24.66
0,24,50,24.8
0,25,1,1.0
0,25,2,1.97
0,25,3,2.91
0,25,4,3.822
0,25,5,4.707
0,25,6,5.562
0,25,7,6.395
0,25,8,7.2
0,25,9,7.98
0,25,10,8.74
0,25,11,9.48
0,25,12,10.19
0,25,13,10.875
0,25,14,11.55
0,25,15,12.195
0,25,16,12.82
0,25,17,13.43
0,25,18,14.02
0,25,19,14.59
0,25,20,15.15
0,25,21,15.68
0,25,22,16.2
0,25,23,16.7
0,25,24,17.17
0,25,25,17.64
0,25,26,18.1
0,25,27,18.53
0,25,28,18.95
0,25,29,19.36
0,25,30,19.75
0,25,31,20.12
0,25,32,20.48
0,25,33,20.83
0,25,34,21.16
0,25,35,21.47
0,25,36,21.78
0,25,37,22.06
0,25,38,22.34
0,25,39,22.61
0,25,40,22.86
0,25,41,23.1
0,25,42,23.33
0,25,43,23.53
0,25,44,23.73
0,25,45,23.92
0,25,46,24.1
0,25,47,24.25
0,25,48,24.4
0,25,49,24.55
0,25,50,24.67
0,26,1,1.0
0,26,2,1.97
0,26,3,2.91
0,26,4,3.822
0,26,5,4.707
0,26,6,5.562
0,26,7,6.395
0,26,8,7.2
0,26,9,7.98
0,26,10,8.74
0,26,11,9.48
0,26,12,10.19
0,26,13,10.875
0,26,14,11.55
0,26,15,12.195
0,26,16,12.82
0,26,17,13.43
0,26,18,14.016
0,26,19,14.586
0,26,20,15.14
0,26,21,15.67
0,26,22,16.19
0,26,23,16.69
0,26,24,17.17
0,26,25,17.62
0,26,26,18.08
0,26,27,18.52
0,26,28,18.92
0,26,29,19.33
0,26,30,19.72
0,26,31,20.1
0,26,32,20.44
0,26,33,20.78
0,26,34,21.11
0,26,35,21.42
0,26,36,21.73
0,26,37,22.02
0,26,38,22.28
0,26,39,22.55
0,26,40,22.78
0,26,41,23.02
0,26,42,23.23
0,26,43,23.44
0,26,44,23.64
0,26,45,23.81
0,26,46,23.98
0,26,47,24.14
0,26,48,24.28
0,26,49,24.4
0,26,50,24.53
0,27,1,1.0
0,27,2,1.97
0,27,3,2.91
0,27,4,3.822
0,27,5,4.707
0,27,6,5.562
0,27,7,6.395
0,27,8,7.2
0,27,9,7.98
0,27,10,8.74
0,27,11,9.48
0,27,12,10.19
0,27,13,10.875
0,27,14,11.54
0,27,15,12.19
0,27,16,12.82
0,27,17,13.42
0,27,18,14.01
0,27,19,14.58
0,27,20,15.13
0,27,21,15.664
0,27,22,16.17
0,27,23,16.67
0,27,24,17.16
0,27,25,17.61
0,27,26,18.06
0,27,27,18.48
0,27,28,18.9
0,27,29,19.3
0,27,30,19.69
0,27,31,20.05
0,27,32,20.4
0,27,33,20.75
0,27,34,21.06
0,27,35,21.38
0,27,36,21.67
0,27,37,21.95
0,27,38,22.22
0,27,39,22.47
0,27,40,22.7
0,27,41,22.94
0,27,42,23.14
0,27,43,23.34
0,27,44,23.53
0,27,45,23.7
0,27,46,23.86
0,27,47,24.0
0,27,48,24.14
0,27,49,24.27
0,27,50,24.38
0,28,1,1.0
0,28,2,1.97
0,28,3,2.91
0,28,4,3.822
0,28,5,4.707
0,28,6,5.562
0,28,7,6.395
0,28,8,7.2
0,28,9,7.98
0,28,10,8.734
0,28,11,9.47
0,28,12,10.18
0,28,13,10.875
0,28,14,11.54
0,28,15,12.19
0,28,16,12.81
0,28,17,13.42
0,28,18,14.01
0,28,19,14.57
0,28,20,15.12
0,28,21,15.65
0,28,22,16.16
0,28,23,16.66
0,28,24,17.14
0,28,25,17.6
0,28,26,18.03
0,28,27,18.47
0,28,28,18.88
0,28,29,19.27
0,28,30,19.64
0,28,31,20.02
0,28,32,20.36
0,28,33,20.69
0,28,34,21.02
0,28,35,21.31
0,28,36,21.61
0,28,37,21.88
0,28,38,22.14
0,28,39,22.39
0,28,40,22.62
0,28,41,22.83
0,28,42,23.05
0,28,43,23.23
0,28,44,23.4
0,28,45,23.58
0,28,46,23.72
0,28,47,23.86
0,28,48,23.98
0,28,49,24.1
0,28,50,24.2
0,29,1,1.0
0,29,2,1.97
0,29,3,2.91
0,29,4,3.822
0,29,5,4.707
0,29,6,5.562
0,29,7,6.395
0,29,8,7.2
0,29,9,7.98
0,29,10,8.734
0,29,11,9.47
0,29,12,10.18
0,29,13,10.87
0,29,14,11.54
0,29,15,12.18
0,29,16,12.805
0,29,17,13.414
0,29,18,13.99
0,29,19,14.56
0,29,20,15.11
0,29,21,15.63
0,29,22,16.14
0,29,23,16.64
0,29,24,17.11
0,29,25,17.56
0,29,26,18.02
0,29,27,18.44
0,29,28,18.84
0,29,29,19.23
0,29,30,19.61
0,29,31,19.97
0,29,32,20.31
0,29,33,20.64
0,29,34,20.95
0,29,35,21.25
0,29,36,21.53
0,29,37,21.8
0,29,38,22.05
0,29,39,22.3
0,29,40,22.52
0,29,41,22.73
0,29,42,22.92
0,29,43,23.11
0,29,44,23.28
0,29,45,23.44
0,29,46,23.58
0,29,47,23.7
0,29,48,23.83
0,29,49,23.92
0,29,50,24.02
0,30,1,1.0
0,30,2,1.97
0,30,3,2.91
0,30,4,3.822
0,30,5,4.707
0,30,6,5.562
0,30,7,6.395
0,30,8,7.2
0,30,9,7.98
0,30,10,8.734
0,30,11,9.47
0,30,12,10.18
0,30,13,10.87
0,30,14,11.53
0,30,15,12.17
0,30,16,12.8
0,30,17,13.41
0,30,18,13.984
0,30,19,14.55
0,30,20,15.09
0,30,21,15.62
0,30,22,16.12
0,30,23,16.61
0,30,24,17.1
0,30,25,17.55
0,30,26,17.98
0,30,27,18.39
0,30,28,18.8
0,30,29,19.19
0,30,30,19.56
0,30,31,19.9
0,30,32,20.25
0,30,33,20.58
0,30,34,20.88
0,30,35,21.17
0,30,36,21.45
0,30,37,21.72
0,30,38,21.95
0,30,39,22.19
0,30,40,22.4
0,30,41,22.61
0,30,42,22.8
0,30,43,22.97
0,30,44,23.14
0,30,45,23.28
0,30,46,23.42
0,30,47,23.53
0,30,48,23.64
0,30,49,23.75
0,30,50,23.83
0,31,1,1.0
0,31,2,1.97
0,31,3,2.91
0,31,4,3.822
0,31,5,4.707
0,31,6,5.562
0,31,7,6.39
0,31,8,7.2
0,31,9,7.977
0,31,10,8.734
0,31,11,9.47
0,31,12,10.17
0,31,13,10.86
0,31,14,11.52
0,31,15,12.17
0,31,16,12.79
0,31,17,13.39
0,31,18,13.98
0,31,19,14.53
0,31,20,15.08
0,31,21,15.6
0,31,22,16.11
0,31,23,16.6
0,31,24,17.06
0,31,25,17.52
0,31,26,17.94
0,31,27,18.36
0,31,28,18.75
0,31,29,19.14
0,31,30,19.5
0,31,31,19.86
0,31,32,20.19
0,31,33,20.5
0,31,34,20.81
0,31,35,21.1
0,31,36,21.36
0,31,37,21.61
0,31,38,21.86
0,31,39,22.08
0,31,40,22.28
0,31,41,22.48
0,31,42,22.66
0,31,43,22.83
0,31,44,22.98
0,31,45,23.12
0,31,46,23.25
0,31,47,23.36
0,31,48,23.45
0,31,49,23.55
0,31,50,23.62
0,32,1,1.0
0,32,2,1.97
0,32,3,2.91
0,32,4,3.82
0,32,5,4.703
0,32,6,5.562
0,32,7,6.39
0,32,8,7.195
0,32,9,7.977
0,32,10,8.73
0,32,11,9.46
0,32,12,10.17
0,32,13,10.85
0,32,14,11.516
0,32,15,12.16
0,32,16,12.78
0,32,17,13.38
0,32,18,13.96
0,32,19,14.516
0,32,20,15.055
0,32,21,15.58
0,32,22,16.08
0,32,23,16.56
0,32,24,17.03
0,32,25,17.47
0,32,26,17.9
0,32,27,18.31
0,32,28,18.7
0,32,29,19.08
0,32,30,19.44
0,32,31,19.78
0,32,32,20.11
0,32,33,20.42
0,32,34,20.72
0,32,35,21.0
0,32,36,21.27
0,32,37,21.52
0,32,38,21.73
0,32,39,21.95
0,32,40,22.16
0,32,41,22.34
0,32,42,22.52
0,32,43,22.67
0,32,44,22.81
0,32,45,22.94
0,32,46,23.06
0,32,47,23.16
0,32,48,23.25
0,32,49,23.33
0,33,1,1.0
0,33,2,1.97
0,33,3,2.91
0,33,4,3.82
0,33,5,4.703
0,33,6,5.56
0,33,7,6.39
0,33,8,7.195
0,33,9,7.973
0,33,10,8.73
0,33,11,9.46
0,33,12,10.164
0,33,13,10.85
0,33,14,11.51
0,33,15,12.15
0,33,16,12.766
0,33,17,13.37
0,33,18,13.945
0,33,19,14.5
0,33,20,15.03
0,33,21,15.555
0,33,22,16.05
0,33,23,16.53
0,33,24,16.98
0,33,25,17.44
0,33,26,17.86
0,33,27,18.27
0,33,28,18.66
0,33,29,19.02
0,33,30,19.38
0,33,31,19.72
0,33,32,20.03
0,33,33,20.34
0,33,34,20.62
0,33,35,20.89
0,33,36,21.16
0,33,37,21.39
0,33,38,21.61
0,33,39,21.81
0,33,40,22.02
0,33,41,22.19
0,33,42,22.34
0,33,43,22.5
0,33,44,22.62
0,33,45,22.75
0,33,46,22.86
0,33,47,22.95
0,33,48,23.03
0,34,1,1.0
0,34,2,1.97
0,34,3,2.91
0,34,4,3.82
0,34,5,4.703
0,34,6,5.56
0,34,7,6.387
0,34,8,7.19
0,34,9,7.97
0,34,10,8.72
0,34,11,9.45
0,34,12,10.16
0,34,13,10.836
0,34,14,11.5
0,34,15,12.14
0,34,16,12.75
0,34,17,13.35
0,34,18,13.92
0,34,19,14.48
0,34,20,15.01
0,34,21,15.52
0,34,22,16.02
0,34,23,16.48
0,34,24,16.95
0,34,25,17.39
0,34,26,17.8
0,34,27,18.2
0,34,28,18.6
0,34,29,18.95
0,34,30,19.3
0,34,31,19.62
0,34,32,19.95
0,34,33,20.23
0,34,34,20.52
0,34,35,20.78
0,34,36,21.03
0,34,37,21.27
0,34,38,21.47
0,34,39,21.67
0,34,40,21.84
0,34,41,22.02
0,34,42,22.17
0,34,43,22.31
0,34,44,22.42
0,34,45,22.53
0,34,46,22.64
0,34,47,22.72
0,35,1,1.0
0,35,2,1.97
0,35,3,2.908
0,35,4,3.82
0,35,5,4.703
0,35,6,5.56
0,35,7,6.387
0,35,8,7.188
0,35,9,7.965
0,35,10,8.72
0,35,11,9.445
0,35,12,10.15
0,35,13,10.83
0,35,14,11.484
0,35,15,12.125
0,35,16,12.734
0,35,17,13.33
0,35,18,13.9
0,35,19,14.445
0,35,20,14.98
0,35,21,15.49
0,35,22,15.98
0,35,23,16.45
0,35,24,16.9
0,35,25,17.33
0,35,26,17.75
0,35,27,18.14
0,35,28,18.52
0,35,29,18.88
0,35,30,19.22
0,35,31,19.55
0,35,32,19.84
0,35,33,20.14
0,35,34,20.4
0,35,35,20.66
0,35,36,20.89
0,35,37,21.11
0,35,38,21.31
0,35,39,21.5
0,35,40,21.67
0,35,41,21.83
0,35,42,21.97
0,35,43,22.11
0,35,44,22.22
0,35,45,22.31
0,35,46,22.4
0,36,1,1.0
0,36,2,1.97
0,36,3,2.908
0,36,4,3.818
0,36,5,4.703
0,36,6,5.555
0,36,7,6.383
0,36,8,7.184
0,36,9,7.96
0,36,10,8.71
0,36,11,9.44
0,36,12,10.14
0,36,13,10.82
0,36,14,11.48
0,36,15,12.11
0,36,16,12.72
0,36,17,13.305
0,36,18,13.875
0,36,19,14.42
0,36,20,14.945
0,36,21,15.45
0,36,22,15.94
0,36,23,16.4
0,36,24,16.84
0,36,25,17.28
0,36,26,17.69
0,36,27,18.08
0,36,28,18.44
0,36,29,18.8
0,36,30,19.12
0,36,31,19.44
0,36,32,19.73
0,36,33,20.02
0,36,34,20.28
0,36,35,20.52
0,36,36,20.75
0,36,37,20.95
0,36,38,21.16
0,36,39,21.33
0,36,40,21.48
0,36,41,21.64
0,36,42,21.77
0,36,43,21.89
0,36,44,21.98
0,36,45,22.08
0,37,1,1.0
0,37,2,1.969
0,37,3,2.908
0,37,4,3.818
0,37,5,4.7
0,37,6,5.555
0,37,7,6.38
0,37,8,7.18
0,37,9,7.957
0,37,10,8.7
0,37,11,9.43
0,37,12,10.125
0,37,13,10.805
0,37,14,11.46
0,37,15,12.086
0,37,16,12.695
0,37,17,13.28
0,37,18,13.84
0,37,19,14.38
0,37,20,14.91
0,37,21,15.41
0,37,22,15.89
0,37,23,16.34
0,37,24,16.8
0,37,25,17.2
0,37,26,17.61
0,37,27,18.0
0,37,28,18.36
0,37,29,18.7
0,37,30,19.03
0,37,31,19.33
0,37,32,19.62
0,37,33,19.89
0,37,34,20.14
0,37,35,20.38
0,37,36,20.6
0,37,37,20.8
0,37,38,20.97
0,37,39,21.14
0,37,40,21.3
0,37,41,21.42
0,37,42,21.55
0,37,43,21.66
0,37,44,21.75
0,38,1,1.0
0,38,2,1.969
0,38,3,2.908
0,38,4,3.818
0,38,5,4.7
0,38,6,5.55
0,38,7,6.38
0,38,8,7.176
0,38,9,7.95
0,38,10,8.695
0,38,11,9.42
0,38,12,10.12
0,38,13,10.79
0,38,14,11.44
0,38,15,12.06
0,38,16,12.67
0,38,17,13.25
0,38,18,13.81
0,38,19,14.35
0,38,20,14.87
0,38,21,15.36
0,38,22,15.836
0,38,23,16.3
0,38,24,16.72
0,38,25,17.14
0,38,26,17.53
0,38,27,17.9
0,38,28,18.27
0,38,29,18.6
0,38,30,18.9
0,38,31,19.2
0,38,32,19.48
0,38,33,19.75
0,38,34,19.98
0,38,35,20.22
0,38,36,20.42
0,38,37,20.61
0,38,38,20.78
0,38,39,20.94
0,38,40,21.08
0,38,41,21.2
0,38,42,21.31
0,38,43,21.4
0,39,1,1.0
0,39,2,1.969
0,39,3,2.908
0,39,4,3.816
0,39,5,4.695
0,39,6,5.547
0,39,7,6.37
0,39,8,7.17
0,39,9,7.94
0,39,10,8.69
0,39,11,9.41
0,39,12,10.1
0,39,13,10.77
0,39,14,11.42
0,39,15,12.04
0,39,16,12.64
0,39,17,13.22
0,39,18,13.77
0,39,19,14.305
0,39,20,14.82
0,39,21,15.31
0,39,22,15.78
0,39,23,16.22
0,39,24,16.66
0,39,25,17.06
0,39,26,17.45
0,39,27,17.81
0,39,28,18.16
0,39,29,18.48
0,39,30,18.8
0,39,31,19.08
0,39,32,19.34
0,39,33,19.6
0,39,34,19.83
0,39,35,20.03
0,39,36,20.23
0,39,37,20.4
0,39,38,20.56
0,39,39,20.72
0,39,40,20.84
0,39,41,20.95
0,39,42,21.05
0,40,1,1.0
0,40,2,1.969
0,40,3,2.906
0,40,4,3.814
0,40,5,4.695
0,40,6,5.547
0,40,7,6.367
0,40,8,7.164
0,40,9,7.934
0,40,10,8.68
0,40,11,9.39
0,40,12,10.086
0,40,13,10.75
0,40,14,11.4
0,40,15,12.016
0,40,16,12.61
0,40,17,13.19
0,40,18,13.734
0,40,19,14.266
0,40,20,14.766
0,40,21,15.25
0,40,22,15.71
0,40,23,16.16
0,40,24,16.58
0,40,25,16.97
0,40,26,17.34
0,40,27,17.7
0,40,28,18.05
0,40,29,18.36
0,40,30,18.66
0,40,31,18.94
0,40,32,19.19
0,40,33,19.42
0,40,34,19.66
0,40,35,19.84
0,40,36,20.03
0,40,37,20.2
0,40,38,20.34
0,40,39,20.48
0,40,40,20.6
0,40,41,20.7
0,41,1,1.0
0,41,2,1.969
0,41,3,2.906
0,41,4,3.814
0,41,5,4.69
0,41,6,5.543
0,41,7,6.363
0,41,8,7.156
0,41,9,7.926
0,41,10,8.664
0,41,11,9.38
0,41,12,10.07
0,41,13,10.734
0,41,14,11.375
0,41,15,11.984
0,41,16,12.58
0,41,17,13.15
0,41,18,13.695
0,41,19,14.21
0,41,20,14.71
0,41,21,15.19
0,41,22,15.65
0,41,23,16.08
0,41,24,16.48
0,41,25,16.88
0,41,26,17.25
0,41,27,17.6
0,41,28,17.92
0,41,29,18.23
0,41,30,18.52
0,41,31,18.78
0,41,32,19.03
0,41,33,19.25
0,41,34,19.45
0,41,35,19.64
0,41,36,19.81
0,41,37,19.97
0,41,38,20.11
0,41,39,20.23
0,41,40,20.33
0,42,1,1.0
0,42,2,1.968
0,42,3,2.906
0,42,4,3.812
0,42,5,4.69
0,42,6,5.54
0,42,7,6.36
0,42,8,7.15
0,42,9,7.914
0,42,10,8.65
0,42,11,9.37
0,42,12,10.05
0,42,13,10.71
0,42,14,11.34
0,42,15,11.95
0,42,16,12.54
0,42,17,13.1
0,42,18,13.64
0,42,19,14.16
0,42,20,14.65
0,42,21,15.125
0,42,22,15.57
0,42,23,15.99
0,42,24,16.39
0,42,25,16.78
0,42,26,17.14
0,42,27,17.47
0,42,28,17.78
0,42,29,18.08
0,42,30,18.36
0,42,31,18.61
0,42,32,18.84
0,42,33,19.06
0,42,34,19.25
0,42,35,19.42
0,42,36,19.6
0,42,37,19.73
0,42,38,19.86
0,42,39,19.97
0,43,1,1.0
0,43,2,1.968
0,43,3,2.904
0,43,4,3.81
0,43,5,4.688
0,43,6,5.535
0,43,7,6.35
0,43,8,7.14
0,43,9,7.902
0,43,10,8.64
0,43,11,9.34
0,43,12,10.03
0,43,13,10.69
0,43,14,11.31
0,43,15,11.92
0,43,16,12.5
0,43,17,13.055
0,43,18,13.59
0,43,19,14.1
0,43,20,14.586
0,43,21,15.05
0,43,22,15.484
0,43,23,15.9
0,43,24,16.3
0,43,25,16.67
0,43,26,17.02
0,43,27,17.34
0,43,28,17.64
0,43,29,17.92
0,43,30,18.19
0,43,31,18.44
0,43,32,18.66
0,43,33,18.86
0,43,34,19.03
0,43,35,19.2
0,43,36,19.34
0,43,37,19.47
0,43,38,19.58
0,44,1,1.0
0,44,2,1.968
0,44,3,2.904
0,44,4,3.809
0,44,5,4.684
0,44,6,5.527
0,44,7,6.344
0,44,8,7.133
0,44,9,7.89
0,44,10,8.625
0,44,11,9.33
0,44,12,10.01
0,44,13,10.66
0,44,14,11.28
0,44,15,11.88
0,44,16,12.46
0,44,17,13.01
0,44,18,13.53
0,44,19,14.03
0,44,20,14.51
0,44,21,14.96
0,44,22,15.39
0,44,23,15.8
0,44,24,16.19
0,44,25,16.55
0,44,26,16.88
0,44,27,17.19
0,44,28,17.48
0,44,29,17.75
0,44,30,18.0
0,44,31,18.23
0,44,32,18.44
0,44,33,18.62
0,44,34,18.8
0,44,35,18.95
0,44,36,19.08
0,44,37,19.2
0,45,1,1.0
0,45,2,1.968
0,45,3,2.902
0,45,4,3.807
0,45,5,4.68
0,45,6,5.523
0,45,7,6.336
0,45,8,7.12
0,45,9,7.88
0,45,10,8.6
0,45,11,9.305
0,45,12,9.98
0,45,13,10.625
0,45,14,11.25
0,45,15,11.84
0,45,16,12.41
0,45,17,12.95
0,45,18,13.47
0,45,19,13.96
0,45,20,14.43
0,45,21,14.875
0,45,22,15.3
0,45,23,15.69
0,45,24,16.06
0,45,25,16.4
0,45,26,16.73
0,45,27,17.03
0,45,28,17.31
0,45,29,17.58
0,45,30,17.81
0,45,31,18.03
0,45,32,18.22
0,45,33,18.39
0,45,34,18.55
0,45,35,18.69
0,45,36,18.81
0,46,1,1.0
0,46,2,1.967
0,46,3,2.902
0,46,4,3.805
0,46,5,4.676
0,46,6,5.516
0,46,7,6.33
0,46,8,7.11
0,46,9,7.863
0,46,10,8.586
0,46,11,9.28
0,46,12,9.95
0,46,13,10.59
0,46,14,11.21
0,46,15,11.8
0,46,16,12.36
0,46,17,12.89
0,46,18,13.4
0,46,19,13.88
0,46,20,14.34
0,46,21,14.78
0,46,22,15.19
0,46,23,15.57
0,46,24,15.93
0,46,25,16.27
0,46,26,16.58
0,46,27,16.88
0,46,28,17.14
0,46,29,17.38
0,46,30,17.61
0,46,31,17.8
0,46,32,17.98
0,46,33,18.14
0,46,34,18.28
0,46,35,18.4
0,47,1,1.0
0,47,2,1.967
0,47,3,2.9
0,47,4,3.8
0,47,5,4.67
0,47,6,5.51
0,47,7,6.32
0,47,8,7.098
0,47,9,7.848
0,47,10,8.56
0,47,11,9.26
0,47,12,9.92
0,47,13,10.555
0,47,14,11.164
0,47,15,11.74
0,47,16,12.3
0,47,17,12.83
0,47,18,13.33
0,47,19,13.805
0,47,20,14.25
0,47,21,14.67
0,47,22,15.07
0,47,23,15.445
0,47,24,15.79
0,47,25,16.11
0,47,26,16.4
0,47,27,16.69
0,47,28,16.94
0,47,29,17.17
0,47,30,17.38
0,47,31,17.56
0,47,32,17.73
0,47,33,17.88
0,47,34,18.0
0,48,1,1.0
0,48,2,1.966
0,48,3,2.898
0,48,4,3.799
0,48,5,4.668
0,48,6,5.504
0,48,7,6.31
0,48,8,7.082
0,48,9,7.83
0,48,10,8.55
0,48,11,9.23
0,48,12,9.89
0,48,13,10.516
0,48,14,11.12
0,48,15,11.69
0,48,16,12.234
0,48,17,12.76
0,48,18,13.24
0,48,19,13.71
0,48,20,14.15
0,48,21,14.56
0,48,22,14.945
0,48,23,15.305
0,48,24,15.64
0,48,25,15.945
0,48,26,16.23
0,48,27,16.5
0,48,28,16.73
0,48,29,16.95
0,48,30,17.14
0,48,31,17.31
0,48,32,17.47
0,48,33,17.6
0,49,1,1.0
0,49,2,1.966
0,49,3,2.896
0,49,4,3.795
0,49,5,4.66
0,49,6,5.496
0,49,7,6.297
0,49,8,7.07
0,49,9,7.81
0,49,10,8.52
0,49,11,9.2
0,49,12,9.85
0,49,13,10.48
0,49,14,11.07
0,49,15,11.63
0,49,16,12.164
0,49,17,12.68
0,49,18,13.16
0,49,19,13.61
0,49,20,14.04
0,49,21,14.44
0,49,22,14.805
0,49,23,15.16
0,49,24,15.48
0,49,25,15.766
0,49,26,16.03
0,49,27,16.28
0,49,28,16.5
0,49,29,16.7
0,49,30,16.89
0,49,31,17.05
0,49,32,17.19
0,50,1,1.0
0,50,2,1.965
0,50,3,2.896
0,50,4,3.793
0,50,5,4.656
0,50,6,5.49
0,50,7,6.285
0,50,8,7.05
0,50,9,7.79
0,50,10,8.49
0,50,11,9.164
0,50,12,9.81
0,50,13,10.43
0,50,14,11.01
0,50,15,11.57
0,50,16,12.09
0,50,17,12.59
0,50,18,13.06
0,50,19,13.5
0,50,20,13.914
0,50,21,14.3
0,50,22,14.66
0,50,23,14.99
0,50,24,15.3
0,50,25,15.58
0,50,26,15.83
0,50,27,16.06
0,50,28,16.27
0,50,29,16.45
0,50,30,16.61
0,50,31,16.77
0,51,1,1.0
0,51,2,1.965
0,51,3,2.895
0,51,4,3.79
0,51,5,4.65
0,51,6,5.477
0,51,7,6.273
0,51,8,7.035
0,51,9,7.766
0,51,10,8.46
0,51,11,9.13
0,51,12,9.766
0,51,13,10.375
0,51,14,10.95
0,51,15,11.49
0,51,16,12.01
0,51,17,12.5
0,51,18,12.95
0,51,19,13.38
0,51,20,13.78
0,51,21,14.16
0,51,22,14.5
0,51,23,14.81
0,51,24,15.1
0,51,25,15.37
0,51,26,15.61
0,51,27,15.82
0,51,28,16.02
0,51,29,16.19
0,51,30,16.33
0,52,1,1.0
0,52,2,1.964
0,52,3,2.893
0,52,4,3.785
0,52,5,4.645
0,52,6,5.47
0,52,7,6.258
0,52,8,7.016
0,52,9,7.74
0,52,10,8.43
0,52,11,9.09
0,52,12,9.72
0,52,13,10.32
0,52,14,10.88
0,52,15,11.42
0,52,16,11.92
0,52,17,12.4
0,52,18,12.84
0,52,19,13.26
0,52,20,13.64
0,52,21,14.0
0,52,22,14.33
0,52,23,14.625
0,52,24,14.9
0,52,25,15.15
0,52,26,15.37
0,52,27,15.57
0,52,28,15.74
0,52,29,15.9
0,53,1,1.0
0,53,2,1.963
0,53,3,2.889
0,53,4,3.78
0,53,5,4.637
0,53,6,5.457
0,53,7,6.242
0,53,8,6.992
0,53,9,7.71
0,53,10,8.4
0,53,11,9.05
0,53,12,9.67
0,53,13,10.26
0,53,14,10.81
0,53,15,11.336
0,53,16,11.83
0,53,17,12.29
0,53,18,12.72
0,53,19,13.12
0,53,20,13.484
0,53,21,13.83
0,53,22,14.14
0,53,23,14.42
0,53,24,14.68
0,53,25,14.914
0,53,26,15.12
0,53,27,15.3
0,53,28,15.46
0,54,1,1.0
0,54,2,1.962
0,54,3,2.887
0,54,4,3.775
0,54,5,4.63
0,54,6,5.445
0,54,7,6.223
0,54,8,6.97
0,54,9,7.684
0,54,10,8.36
0,54,11,9.0
0,54,12,9.61
0,54,13,10.19
0,54,14,10.734
0,54,15,11.24
0,54,16,11.72
0,54,17,12.164
0,54,18,12.586
0,54,19,12.97
0,54,20,13.32
0,54,21,13.64
0,54,22,13.94
0,54,23,14.2
0,54,24,14.445
0,54,25,14.66
0,54,26,14.85
0,54,27,15.016
0,55,1,1.0
0,55,2,1.961
0,55,3,2.885
0,55,4,3.77
0,55,5,4.617
0,55,6,5.43
0,55,7,6.207
0,55,8,6.945
0,55,9,7.65
0,55,10,8.32
0,55,11,8.95
0,55,12,9.55
0,55,13,10.12
0,55,14,10.65
0,55,15,11.14
0,55,16,11.61
0,55,17,12.04
0,55,18,12.44
0,55,19,12.805
0,55,20,13.14
0,55,21,13.445
0,55,22,13.73
0,55,23,13.98
0,55,24,14.195
0,55,25,14.39
0,55,26,14.56
0,56,1,1.0
0,56,2,1.96
0,56,3,2.88
0,56,4,3.764
0,56,5,4.61
0,56,6,5.414
0,56,7,6.184
0,56,8,6.914
0,56,9,7.613
0,56,10,8.27
0,56,11,8.89
0,56,12,9.484
0,56,13,10.03
0,56,14,10.55
0,56,15,11.03
0,56,16,11.484
0,56,17,11.9
0,56,18,12.28
0,56,19,12.63
0,56,20,12.945
0,56,21,13.234
0,56,22,13.5
0,56,23,13.73
0,56,24,13.93
0,56,25,14.11
0,57,1,1.0
0,57,2,1.959
0,57,3,2.879
0,57,4,3.758
0,57,5,4.598
0,57,6,5.4
0,57,7,6.16
0,57,8,6.883
0,57,9,7.57
0,57,10,8.22
0,57,11,8.83
0,57,12,9.41
0,57,13,9.945
0,57,14,10.445
0,57,15,10.914
0,57,16,11.35
0,57,17,11.74
0,57,18,12.11
0,57,19,12.445
0,57,20,12.74
0,57,21,13.016
0,57,22,13.26
0,57,23,13.47
0,57,24,13.66
0,58,1,1.0
0,58,2,1.958
0,58,3,2.875
0,58,4,3.75
0,58,5,4.586
0,58,6,5.38
0,58,7,6.137
0,58,8,6.85
0,58,9,7.527
0,58,10,8.164
0,58,11,8.766
0,58,12,9.33
0,58,13,9.85
0,58,14,10.336
0,58,15,10.79
0,58,16,11.2
0,58,17,11.586
0,58,18,11.93
0,58,19,12.24
0,58,20,12.52
0,58,21,12.77
0,58,22,13.0
0,58,23,13.19
0,59,1,1.0
0,59,2,1.957
0,59,3,2.871
0,59,4,3.742
0,59,5,4.57
0,59,6,5.36
0,59,7,6.105
0,59,8,6.812
0,59,9,7.477
0,59,10,8.1
0,59,11,8.69
0,59,12,9.234
0,59,13,9.74
0,59,14,10.22
0,59,15,10.65
0,59,16,11.05
0,59,17,11.41
0,59,18,11.734
0,59,19,12.03
0,59,20,12.29
0,59,21,12.52
0,59,22,12.73
0,60,1,1.0
0,60,2,1.955
0,60,3,2.867
0,60,4,3.732
0,60,5,4.56
0,60,6,5.336
0,60,7,6.074
0,60,8,6.773
0,60,9,7.426
0,60,10,8.04
0,60,11,8.61
0,60,12,9.14
0,60,13,9.63
0,60,14,10.086
0,60,15,10.5
0,60,16,10.88
0,60,17,11.22
0,60,18,11.53
0,60,19,11.805
0,60,20,12.05
0,60,21,12.26
0,61,1,1.0
0,61,2,1.954
0,61,3,2.861
0,61,4,3.725
0,61,5,4.54
0,61,6,5.312
0,61,7,6.043
0,61,8,6.727
0,61,9,7.367
0,61,10,7.965
0,61,11,8.52
0,61,12,9.04
0,61,13,9.516
0,61,14,9.945
0,61,15,10.34
0,61,16,10.7
0,61,17,11.02
0,61,18,11.305
0,61,19,11.56
0,61,20,11.78
0,62,1,1.0
0,62,2,1.952
0,62,3,2.855
0,62,4,3.713
0,62,5,4.523
0,62,6,5.285
0,62,7,6.004
0,62,8,6.676
0,62,9,7.305
0,62,10,7.89
0,62,11,8.43
0,62,12,8.93
0,62,13,9.38
0,62,14,9.8
0,62,15,10.17
0,62,16,10.51
0,62,17,10.81
0,62,18,11.08
0,62,19,11.305
0,63,1,1.0
0,63,2,1.95
0,63,3,2.85
0,63,4,3.701
0,63,5,4.504
0,63,6,5.258
0,63,7,5.965
0,63,8,6.625
0,63,9,7.24
0,63,10,7.805
0,63,11,8.33
0,63,12,8.805
0,63,13,9.24
0,63,14,9.63
0,63,15,9.99
0,63,16,10.305
0,63,17,10.586
0,63,18,10.83
0,64,1,1.0
0,64,2,1.948
0,64,3,2.844
0,64,4,3.69
0,64,5,4.484
0,64,6,5.227
0,64,7,5.92
0,64,8,6.566
0,64,9,7.164
0,64,10,7.715
0,64,11,8.22
0,64,12,8.67
0,64,13,9.09
0,64,14,9.46
0,64,15,9.8
0,64,16,10.086
0,64,17,10.34
0,65,1,1.0
0,65,2,1.945
0,65,3,2.836
0,65,4,3.674
0,65,5,4.46
0,65,6,5.19
0,65,7,5.87
0,65,8,6.504
0,65,9,7.082
0,65,10,7.613
0,65,11,8.1
0,65,12,8.54
0,65,13,8.93
0,65,14,9.28
0,65,15,9.59
0,65,16,9.86
0,66,1,1.0
0,66,2,1.942
0,66,3,2.828
0,66,4,3.658
0,66,5,4.434
0,66,6,5.152
0,66,7,5.82
0,66,8,6.434
0,66,9,6.996
0,66,10,7.508
0,66,11,7.973
0,66,12,8.39
0,66,13,8.76
0,66,14,9.086
0,66,15,9.375
0,67,1,1.0
0,67,2,1.939
0,67,3,2.82
0,67,4,3.643
0,67,5,4.406
0,67,6,5.113
0,67,7,5.766
0,67,8,6.36
0,67,9,6.902
0,67,10,7.395
0,67,11,7.836
0,67,12,8.23
0,67,13,8.58
0,67,14,8.88
0,68,1,1.0
0,68,2,1.937
0,68,3,2.81
0,68,4,3.623
0,68,5,4.375
0,68,6,5.07
0,68,7,5.703
0,68,8,6.28
0,68,9,6.805
0,68,10,7.273
0,68,11,7.69
0,68,12,8.06
0,68,13,8.38
0,69,1,1.0
0,69,2,1.934
0,69,3,2.8
0,69,4,3.604
0,69,5,4.344
0,69,6,5.02
0,69,7,5.637
0,69,8,6.195
0,69,9,6.695
0,69,10,7.145
0,69,11,7.54
0,69,12,7.883
0,70,1,1.0
0,70,2,1.93
0,70,3,2.79
0,70,4,3.582
0,70,5,4.31
0,70,6,4.97
0,70,7,5.566
0,70,8,6.1
0,70,9,6.582
0,70,10,7.004
0,70,11,7.375
0,71,1,1.0
0,71,2,1.926
0,71,3,2.777
0,71,4,3.559
0,71,5,4.27
0,71,6,4.91
0,71,7,5.49
0,71,8,6.004
0,71,9,6.46
0,71,10,6.86
0,72,1,1.0
0,72,2,1.921
0,72,3,2.764
0,72,4,3.533
0,72,5,4.227
0,72,6,4.85
0,72,7,5.406
0,72,8,5.9
0,72,9,6.332
0,73,1,1.0
0,73,2,1.916
0,73,3,2.75
0,73,4,3.504
0,73,5,4.184
0,73,6,4.785
0,73,7,5.32
0,73,8,5.79
0,74,1,1.0
0,74,2,1.91
0,74,3,2.734
0,74,4,3.475
0,74,5,4.133
0,74,6,4.72
0,74,7,5.227
0,75,1,1.0
0,75,2,1.904
0,75,3,2.717
0,75,4,3.441
0,75,5,4.082
0,75,6,4.645
0,76,1,1.0
0,76,2,1.898
0,76,3,2.7
0,76,4,3.406
0,76,5,4.027
0,77,1,1.0
0,77,2,1.892
0,77,3,2.68
0,77,4,3.37
0,78,1,1.0
0,78,2,1.884
0,78,3,2.658
0,79,1,1.0
0,79,2,1.876
0,80,1,1.0
1,0,20,15.21
1,0,21,15.75
1,0,22,16.28
1,0,23,16.8
1,0,24,17.28
1,0,25,17.77
1,0,26,18.23
1,0,27,18.69
1,0,28,19.12
1,0,29,19.55
1,0,30,19.97
1,0,31,20.36
1,0,32,20.75
1,0,33,21.12
1,0,34,21.48
1,0,35,21.84
1,0,36,22.19
1,0,37,22.52
1,0,38,22.84
1,0,39,23.16
1,0,40,23.45
1,0,41,23.75
1,0,42,24.03
1,0,43,24.31
1,0,44,24.58
1,0,45,24.84
1,0,46,25.1
1,0,47,25.34
1,0,48,25.58
1,0,49,25.8
1,0,50,26.03
1,1,19,14.65
1,1,20,15.21
1,1,21,15.75
1,1,22,16.28
1,1,23,16.8
1,1,24,17.28
1,1,25,17.77
1,1,26,18.23
1,1,27,18.69
1,1,28,19.12
1,1,29,19.55
1,1,30,19.95
1,1,31,20.36
1,1,32,20.75
1,1,33,21.12
1,1,34,21.48
1,1,35,21.84
1,1,36,22.19
1,1,37,22.52
1,1,38,22.84
1,1,39,23.16
1,1,40,23.45
1,1,41,23.75
1,1,42,24.03
1,1,43,24.31
1,1,44,24.58
1,1,45,24.84
1,1,46,25.1
1,1,47,25.33
1,1,48,25.56
1,1,49,25.8
1,1,50,26.02
1,2,18,14.07
1,2,19,14.65
1,2,20,15.2
1,2,21,15.75
1,2,22,16.28
1,2,23,16.78
1,2,24,17.28
1,2,25,17.77
1,2,26,18.23
1,2,27,18.69
1,2,28,19.12
1,2,29,19.55
1,2,30,19.95
1,2,31,20.36
1,2,32,20.75
1,2,33,21.12
1,2,34,21.48
1,2,35,21.84
1,2,36,22.19
1,2,37,22.52
1,2,38,22.83
1,2,39,23.14
1,2,40,23.45
1,2,41,23.75
1,2,42,24.03
1,2,43,24.3
1,2,44,24.58
1,2,45,24.83
1,2,46,25.08
1,2,47,25.33
1,2,48,25.56
1,2,49,25.78
1,2,50,26.02
1,3,17,13.47
1,3,18,14.07
1,3,19,14.65
1,3,20,15.2
1,3,21,15.75
1,3,22,16.28
1,3,23,16.78
1,3,24,17.28
1,3,25,17.77
1,3,26,18.23
1,3,27,18.67
1,3,28,19.11
1,3,29,19.55
1,3,30,19.95
1,3,31,20.36
1,3,32,20.73
1,3,33,21.11
1,3,34,21.48
1,3,35,21.83
1,3,36,22.17
1,3,37,22.52
1,3,38,22.83
1,3,39,23.14
1,3,40,23.45
1,3,41,23.73
1,3,42,24.02
1,3,43,24.3
1,3,44,24.56
1,3,45,24.83
1,3,46,25.08
1,3,47,25.31
1,3,48,25.55
1,3,49,25.78
1,3,50,26.0
1,4,16,12.86
1,4,17,13.47
1,4,18,14.06
1,4,19,14.64
1,4,20,15.2
1,4,21,15.75
1,4,22,16.27
1,4,23,16.78
1,4,24,17.28
1,4,25,17.77
1,4,26,18.22
1,4,27,18.67
1,4,28,19.11
1,4,29,19.53
1,4,30,19.95
1,4,31,20.34
1,4,32,20.73
1,4,33,21.11
1,4,34,21.48
1,4,35,21.83
1,4,36,22.17
1,4,37,22.5
1,4,38,22.83
1,4,39,23.14
1,4,40,23.44
1,4,41,23.73
1,4,42,24.02
1,4,43,24.3
1,4,44,24.56
1,4,45,24.81
1,4,46,25.06
1,4,47,25.31
1,4,48,25.55
1,4,49,25.78
1,4,50,26.0
1,5,15,12.23
1,5,16,12.86
1,5,17,13.47
1,5,18,14.06
1,5,19,14.64
1,5,20,15.2
1,5,21,15.74
1,5,22,16.27
1,5,23,16.78
1,5,24,17.28
1,5,25,17.75
1,5,26,18.22
1,5,27,18.67
1,5,28,19.11
1,5,29,19.53
1,5,30,19.95
1,5,31,20.34
1,5,32,20.73
1,5,33,21.11
1,5,34,21.47
1,5,35,21.83
1,5,36,22.17
1,5,37,22.5
1,5,38,22.83
1,5,39,23.14
1,5,40,23.44
1,5,41,23.73
1,5,42,24.02
1,5,43,24.28
1,5,44,24.56
1,5,45,24.81
1,5,46,25.06
1,5,47,25.3
1,5,48,25.53
1,5,49,25.77
1,5,50,25.98
1,6,14,11.57
1,6,15,12.22
1,6,16,12.85
1,6,17,13.47
1,6,18,14.06
1,6,19,14.64
1,6,20,15.2
1,6,21,15.74
1,6,22,16.27
1,6,23,16.78
1,6,24,17.28
1,6,25,17.75
1,6,26,18.22
1,6,27,18.67
1,6,28,19.11
1,6,29,19.53
1,6,30,19.94
1,6,31,20.34
1,6,32,20.73
1,6,33,21.11
1,6,34,21.47
1,6,35,21.83
1,6,36,22.17
1,6,37,22.5
1,6,38,22.81
1,6,39,23.12
1,6,40,23.44
1,6,41,23.72
1,6,42,24.02
1,6,43,24.28
1,6,44,24.55
1,6,45,24.81
1,6,46,25.06
1,6,47,25.3
1,6,48,25.53
1,6,49,25.75
1,6,50,25.97
1,7,13,10.9
1,7,14,11.57
1,7,15,12.22
1,7,16,12.85
1,7,17,13.47
1,7,18,14.06
1,7,19,14.64
1,7,20,15.195
1,7,21,15.74
1,7,22,16.27
1,7,23,16.78
1,7,24,17.27
1,7,25,17.75
1,7,26,18.22
1,7,27,18.67
1,7,28,19.11
1,7,29,19.53
1,7,30,19.94
1,7,31,20.34
1,7,32,20.73
1,7,33,21.11
1,7,34,21.47
1,7,35,21.81
1,7,36,22.16
1,7,37,22.5
1,7,38,22.81
1,7,39,23.12
1,7,40,23.42
1,7,41,23.72
1,7,42,24.0
1,7,43,24.28
1,7,44,24.55
1,7,45,24.8
1,7,46,25.05
1,7,47,25.28
1,7,48,25.52
1,7,49,25.75
1,7,50,25.97
1,8,12,10.2
1,8,13,10.9
1,8,14,11.57
1,8,15,12.22
1,8,16,12.85
1,8,17,13.47
1,8,18,14.06
1,8,19,14.64
1,8,20,15.195
1,8,21,15.74
1,8,22,16.27
1,8,23,16.78
1,8,24,17.27
1,8,25,17.75
1,8,26,18.22
1,8,27,18.67
1,8,28,19.11
1,8,29,19.53
1,8,30,19.94
1,8,31,20.34
1,8,32,20.72
1,8,33,21.1
1,8,34,21.47
1,8,35,21.81
1,8,36,22.16
1,8,37,22.48
1,8,38,22.81
1,8,39,23.12
1,8,40,23.42
1,8,41,23.72
1,8,42,24.0
1,8,43,24.27
1,8,44,24.53
1,8,45,24.8
1,8,46,25.05
1,8,47,25.28
1,8,48,25.52
1,8,49,25.73
1,8,50,25.95
1,9,11,9.484
1,9,12,10.2
1,9,13,10.9
1,9,14,11.57
1,9,15,12.22
1,9,16,12.85
1,9,17,13.46
1,9,18,14.06
1,9,19,14.63
1,9,20,15.195
1,9,21,15.734
1,9,22,16.27
1,9,23,16.78
1,9,24,17.27
1,9,25,17.75
1,9,26,18.22
1,9,27,18.66
1,9,28,19.1
1,9,29,19.53
1,9,30,19.94
1,9,31,20.33
1,9,32,20.72
1,9,33,21.1
1,9,34,21.45
1,9,35,21.81
1,9,36,22.16
1,9,37,22.48
1,9,38,22.8
1,9,39,23.11
1,9,40,23.42
1,9,41,23.7
1,9,42,23.98
1,9,43,24.27
1,9,44,24.53
1,9,45,24.78
1,9,46,25.03
1,9,47,25.27
1,9,48,25.5
1,9,49,25.72
1,9,50,25.94
1,10,10,8.75
1,10,11,9.484
1,10,12,10.2
1,10,13,10.89
1,10,14,11.57
1,10,15,12.22
1,10,16,12.85
1,10,17,13.46
1,10,18,14.055
1,10,19,14.63
1,10,20,15.195
1,10,21,15.734
1,10,22,16.27
1,10,23,16.77
1,10,24,17.27
1,10,25,17.75
1,10,26,18.2
1,10,27,18.66
1,10,28,19.1
1,10,29,19.52
1,10,30,19.94
1,10,31,20.33
1,10,32,20.72
1,10,33,21.1
1,10,34,21.45
1,10,35,21.81
1,10,36,22.16
1,10,37,22.48
1,10,38,22.8
1,10,39,23.11
1,10,40,23.4
1,10,41,23.7
1,10,42,23.98
1,10,43,24.25
1,10,44,24.52
1,10,45,24.78
1,10,46,25.02
1,10,47,25.27
1,10,48,25.48
1,10,49,25.7
1,10,50,25.92
1,11,9,7.99
1,11,10,8.75
1,11,11,9.484
1,11,12,10.2
1,11,13,10.89
1,11,14,11.56
1,11,15,12.22
1,11,16,12.85
1,11,17,13.46
1,11,18,14.055
1,11,19,14.63
1,11,20,15.195
1,11,21,15.734
1,11,22,16.27
1,11,23,16.77
1,11,24,17.27
1,11,25,17.75
1,11,26,18.2
1,11,27,18.66
1,11,28,19.1
1,11,29,19.52
1,11,30,19.94
1,11,31,20.33
1,11,32,20.72
1,11,33,21.1
1,11,34,21.45
1,11,35,21.8
1,11,36,22.14
1,11,37,22.47
1,11,38,22.8
1,11,39,23.11
1,11,40,23.4
1,11,41,23.69
1,11,42,23.97
1,11,43,24.25
1,11,44,24.52
1,11,45,24.77
1,11,46,25.02
1,11,47,25.25
1,11,48,25.47
1,11,49,25.7
1,11,50,25.9
1,12,8,7.207
1,12,9,7.99
1,12,10,8.75
1,12,11,9.484
1,12,12,10.2
1,12,13,10.89
1,12,14,11.56
1,12,15,12.22
1,12,16,12.85
1,12,17,13.46
1,12,18,14.055
1,12,19,14.63
1,12,20,15.19
1,12,21,15.734
1,12,22,16.27
1,12,23,16.77
1,12,24,17.27
1,12,25,17.73
1,12,26,18.2
1,12,27,18.66
1,12,28,19.1
1,12,29,19.52
1,12,30,19.92
1,12,31,20.33
1,12,32,20.72
1,12,33,21.08
1,12,34,21.45
1,12,35,21.8
1,12,36,22.14
1,12,37,22.47
1,12,38,22.78
1,12,39,23.1
1,12,40,23.39
1,12,41,23.69
1,12,42,23.97
1,12,43,24.23
1,12,44,24.5
1,12,45,24.75
1,12,46,25.0
1,12,47,25.23
1,12,48,25.45
1,12,49,25.69
1,12,50,25.89
1,13,7,6.4
1,13,8,7.207
1,13,9,7.99
1,13,10,8.75
1,13,11,9.484
1,13,12,10.2
1,13,13,10.89
1,13,14,11.56
1,13,15,12.22
1,13,16,12.84
1,13,17,13.46
1,13,18,14.055
1,13,19,14.63
1,13,20,15.19
1,13,21,15.734
1,13,22,16.25
1,13,23,16.77
1,13,24,17.27
1,13,25,17.73
1,13,26,18.2
1,13,27,18.66
1,13,28,19.1
1,13,29,19.52
1,13,30,19.92
1,13,31,20.33
1,13,32,20.7
1,13,33,21.08
1,13,34,21.44
1,13,35,21.8
1,13,36,22.14
1,13,37,22.47
1,13,38,22.78
1,13,39,23.1
1,13,40,23.39
1,13,41,23.67
1,13,42,23.95
1,13,43,24.23
1,13,44,24.48
1,13,45,24.73
1,13,46,24.98
1,13,47,25.22
1,13,48,25.44
1,13,49,25.66
1,13,50,25.88
1,14,6,5.566
1,14,7,6.4
1,14,8,7.207
1,14,9,7.99
1,14,10,8.75
1,14,11,9.484
1,14,12,10.195
1,14,13,10.89
1,14,14,11.56
1,14,15,12.21
1,14,16,12.84
1,14,17,13.46
1,14,18,14.055
1,14,19,14.625
1,14,20,15.19
1,14,21,15.73
1,14,22,16.25
1,14,23,16.77
1,14,24,17.25
1,14,25,17.73
1,14,26,18.2
1,14,27,18.66
1,14,28,19.1
1,14,29,19.52
1,14,30,19.92
1,14,31,20.31
1,14,32,20.7
1,14,33,21.08
1,14,34,21.44
1,14,35,21.8
1,14,36,22.12
1,14,37,22.45
1,14,38,22.78
1,14,39,23.08
1,14,40,23.38
1,14,41,23.67
1,14,42,23.95
1,14,43,24.22
1,14,44,24.48
1,14,45,24.73
1,14,46,24.97
1,14,47,25.2
1,14,48,25.42
1,14,49,25.64
1,14,50,25.84
1,15,5,4.707
1,15,6,5.566
1,15,7,6.4
1,15,8,7.207
1,15,9,7.99
1,15,10,8.75
1,15,11,9.484
1,15,12,10.195
1,15,13,10.89
1,15,14,11.56
1,15,15,12.21
1,15,16,12.84
1,15,17,13.46
1,15,18,14.055
1,15,19,14.625
1,15,20,15.19
1,15,21,15.73
1,15,22,16.25
1,15,23,16.77
1,15,24,17.25
1,15,25,17.73
1,15,26,18.2
1,15,27,18.64
1,15,28,19.08
1,15,29,19.5
1,15,30,19.92
1,15,31,20.31
1,15,32,20.7
1,15,33,21.08
1,15,34,21.44
1,15,35,21.78
1,15,36,22.12
1,15,37,22.45
1,15,38,22.77
1,15,39,23.08
1,15,40,23.38
1,15,41,23.66
1,15,42,23.94
1,15,43,24.2
1,15,44,24.47
1,15,45,24.72
1,15,46,24.95
1,15,47,25.19
1,15,48,25.4
1,15,49,25.62
1,15,50,25.83
1,16,4,3.822
1,16,5,4.707
1,16,6,5.566
1,16,7,6.4
1,16,8,7.207
1,16,9,7.99
1,16,10,8.75
1,16,11,9.484
1,16,12,10.195
1,16,13,10.89
1,16,14,11.56
1,16,15,12.21
1,16,16,12.84
1,16,17,13.45
1,16,18,14.05
1,16,19,14.625
1,16,20,15.19
1,16,21,15.73
1,16,22,16.25
1,16,23,16.77
1,16,24,17.25
1,16,25,17.73
1,16,26,18.2
1,16,27,18.64
1,16,28,19.08
1,16,29,19.5
1,16,30,19.92
1,16,31,20.31
1,16,32,20.7
1,16,33,21.06
1,16,34,21.44
1,16,35,21.78
1,16,36,22.12
1,16,37,22.44
1,16,38,22.77
1,16,39,23.06
1,16,40,23.36
1,16,41,23.66
1,16,42,23.92
1,16,43,24.19
1,16,44,24.45
1,16,45,24.7
1,16,46,24.94
1,16,47,25.16
1,16,48,25.39
1,16,49,25.6
1,16,50,25.8
1,17,3,2.91
1,17,4,3.822
1,17,5,4.707
1,17,6,5.566
1,17,7,6.4
1,17,8,7.207
1,17,9,7.99
1,17,10,8.75
1,17,11,9.484
1,17,12,10.195
1,17,13,10.89
1,17,14,11.56
1,17,15,12.21
1,17,16,12.84
1,17,17,13.45
1,17,18,14.05
1,17,19,14.625
1,17,20,15.18
1,17,21,15.73
1,17,22,16.25
1,17,23,16.75
1,17,24,17.25
1,17,25,17.73
1,17,26,18.19
1,17,27,18.64
1,17,28,19.08
1,17,29,19.5
1,17,30,19.9
1,17,31,20.31
1,17,32,20.69
1,17,33,21.06
1,17,34,21.42
1,17,35,21.77
1,17,36,22.11
1,17,37,22.44
1,17,38,22.75
1,17,39,23.06
1,17,40,23.36
1,17,41,23.64
1,17,42,23.9
1,17,43,24.17
1,17,44,24.44
1,17,45,24.67
1,17,46,24.9
1,17,47,25.14
1,17,48,25.36
1,17,49,25.56
1,17,50,25.77
1,18,2,1.97
1,18,3,2.91
1,18,4,3.822
1,18,5,4.707
1,18,6,5.566
1,18,7,6.4
1,18,8,7.203
1,18,9,7.99
1,18,10,8.75
1,18,11,9.484
1,18,12,10.195
1,18,13,10.89
1,18,14,11.56
1,18,15,12.21
1,18,16,12.84
1,18,17,13.45
1,18,18,14.05
1,18,19,14.625
1,18,20,15.18
1,18,21,15.72
1,18,22,16.25
1,18,23,16.75
1,18,24,17.25
1,18,25,17.73
1,18,26,18.19
1,18,27,18.64
1,18,28,19.08
1,18,29,19.5
1,18,30,19.9
1,18,31,20.3
1,18,32,20.69
1,18,33,21.06
1,18,34,21.42
1,18,35,21.77
1,18,36,22.11
1,18,37,22.42
1,18,38,22.75
1,18,39,23.05
1,18,40,23.34
1,18,41,23.62
1,18,42,23.89
1,18,43,24.16
1,18,44,24.4
1,18,45,24.66
1,18,46,24.89
1,18,47,25.11
1,18,48,25.33
1,18,49,25.53
1,18,50,25.73
1,19,1,1.0
1,19,2,1.97
1,19,3,2.91
1,19,4,3.822
1,19,5,4.707
1,19,6,5.566
1,19,7,6.4
1,19,8,7.203
1,19,9,7.99
1,19,10,8.74
1,19,11,9.484
1,19,12,10.195
1,19,13,10.89
1,19,14,11.56
1,19,15,12.21
1,19,16,12.84
1,19,17,13.45
1,19,18,14.05
1,19,19,14.625
1,19,20,15.18
1,19,21,15.72
1,19,22,16.25
1,19,23,16.75
1,19,24,17.25
1,19,25,17.72
1,19,26,18.19
1,19,27,18.64
1,19,28,19.08
1,19,29,19.5
1,19,30,19.9
1,19,31,20.3
1,19,32,20.69
1,19,33,21.05
1,19,34,21.4
1,19,35,21.77
1,19,36,22.1
1,19,37,22.42
1,19,38,22.73
1,19,39,23.03
1,19,40,23.33
1,19,41,23.61
1,19,42,23.88
1,19,43,24.14
1,19,44,24.39
1,19,45,24.62
1,19,46,24.86
1,19,47,25.1
1,19,48,25.3
1,19,49,25.5
1,19,50,25.7
1,20,1,1.0
1,20,2,1.97
1,20,3,2.91
1,20,4,3.822
1,20,5,4.707
1,20,6,5.566
1,20,7,6.4
1,20,8,7.203
1,20,9,7.99
1,20,10,8.74
1,20,11,9.484
1,20,12,10.195
1,20,13,10.89
1,20,14,11.555
1,20,15,12.21
1,20,16,12.836
1,20,17,13.45
1,20,18,14.05
1,20,19,14.62
1,20,20,15.18
1,20,21,15.72
1,20,22,16.25
1,20,23,16.75
1,20,24,17.25
1,20,25,17.72
1,20,26,18.19
1,20,27,18.64
1,20,28,19.06
1,20,29,19.48
1,20,30,19.89
1,20,31,20.3
1,20,32,20.67
1,20,33,21.05
1,20,34,21.4
1,20,35,21.75
1,20,36,22.08
1,20,37,22.4
1,20,38,22.72
1,20,39,23.02
1,20,40,23.31
1,20,41,23.6
1,20,42,23.86
1,20,43,24.12
1,20,44,24.36
1,20,45,24.61
1,20,46,24.83
1,20,47,25.06
1,20,48,25.27
1,20,49,25.47
1,20,50,25.66
1,21,1,1.0
1,21,2,1.97
1,21,3,2.91
1,21,4,3.822
1,21,5,4.707
1,21,6,5.566
1,21,7,6.4
1,21,8,7.203
1,21,9,7.99
1,21,10,8.74
1,21,11,9.484
1,21,12,10.195
1,21,13,10.88
1,21,14,11.555
1,21,15,12.21
1,21,16,12.836
1,21,17,13.45
1,21,18,14.05
1,21,19,14.62
1,21,20,15.18
1,21,21,15.72
1,21,22,16.23
1,21,23,16.75
1,21,24,17.23
1,21,25,17.72
1,21,26,18.19
1,21,27,18.62
1,21,28,19.06
1,21,29,19.48
1,21,30,19.89
1,21,31,20.28
1,21,32,20.67
1,21,33,21.03
1,21,34,21.39
1,21,35,21.73
1,21,36,22.08
1,21,37,22.39
1,21,38,22.7
1,21,39,23.0
1,21,40,23.3
1,21,41,23.56
1,21,42,23.84
1,21,43,24.1
1,21,44,24.34
1,21,45,24.58
1,21,46,24.8
1,21,47,25.02
1,21,48,25.23
1,21,49,25.42
1,21,50,25.61
1,22,1,1.0
1,22,2,1.97
1,22,3,2.91
1,22,4,3.822
1,22,5,4.707
1,22,6,5.566
1,22,7,6.4
1,22,8,7.203
1,22,9,7.984
1,22,10,8.74
1,22,11,9.48
1,22,12,10.195
1,22,13,10.88
1,22,14,11.555
1,22,15,12.2
1,22,16,12.836
1,22,17,13.45
1,22,18,14.04
1,22,19,14.62
1,22,20,15.17
1,22,21,15.72
1,22,22,16.23
1,22,23,16.75
1,22,24,17.23
1,22,25,17.72
1,22,26,18.17
1,22,27,18.62
1,22,28,19.06
1,22,29,19.48
1,22,30,19.89
1,22,31,20.28
1,22,32,20.66
1,22,33,21.03
1,22,34,21.39
1,22,35,21.73
1,22,36,22.06
1,22,37,22.38
1,22,38,22.69
1,22,39,22.98
1,22,40,23.27
1,22,41,23.55
1,22,42,23.81
1,22,43,24.06
1,22,44,24.31
1,22,45,24.55
1,22,46,24.77
1,22,47,24.98
1,22,48,25.19
1,22,49,25.38
1,22,50,25.56
1,23,1,1.0
1,23,2,1.97
1,23,3,2.91
1,23,4,3.822
1,23,5,4.707
1,23,6,5.566
1,23,7,6.4
1,23,8,7.203
1,23,9,7.984
1,23,10,8.74
1,23,11,9.48
1,23,12,10.195
1,23,13,10.88
1,23,14,11.555
1,23,15,12.2
1,23,16,12.836
1,23,17,13.445
1,23,18,14.04
1,23,19,14.62
1,23,20,15.17
1,23,21,15.71
1,23,22,16.23
1,23,23,16.75
1,23,24,17.23
1,23,25,17.72
1,23,26,18.17
1,23,27,18.62
1,23,28,19.06
1,23,29,19.47
1,23,30,19.88
1,23,31,20.27
1,23,32,20.66
1,23,33,21.02
1,23,34,21.38
1,23,35,21.72
1,23,36,22.05
1,23,37,22.36
1,23,38,22.67
1,23,39,22.97
1,23,40,23.25
1,23,41,23.52
1,23,42,23.78
1,23,43,24.03
1,23,44,24.28
1,23,45,24.5
1,23,46,24.73
1,23,47,24.94
1,23,48,25.14
1,23,49,25.33
1,23,50,25.5
1,24,1,1.0
1,24,2,1.97
1,24,3,2.91
1,24,4,3.822
1,24,5,4.707
1,24,6,5.566
1,24,7,6.395
1,24,8,7.203
1,24,9,7.984
1,24,10,8.74
1,24,11,9.48
1,24,12,10.195
1,24,13,10.88
1,24,14,11.555
1,24,15,12.2
1,24,16,12.836
1,24,17,13.445
1,24,18,14.04
1,24,19,14.62
1,24,20,15.17
1,24,21,15.71
1,24,22,16.23
1,24,23,16.73
1,24,24,17.23
1,24,25,17.7
1,24,26,18.17
1,24,27,18.61
1,24,28,19.05
1,24,29,19.47
1,24,30,19.88
1,24,31,20.27
1,24,32,20.64
1,24,33,21.0
1,24,34,21.36
1,24,35,21.7
1,24,36,22.03
1,24,37,22.34
1,24,38,22.64
1,24,39,22.94
1,24,40,23.22
1,24,41,23.5
1,24,42,23.75
1,24,43,24.0
1,24,44,24.23
1,24,45,24.47
1,24,46,24.69
1,24,47,24.89
1,24,48,25.08
1,24,49,25.27
1,24,50,25.44
1,25,1,1.0
1,25,2,1.97
1,25,3,2.91
1,25,4,3.822
1,25,5,4.707
1,25,6,5.566
1,25,7,6.395
1,25,8,7.203
1,25,9,7.984
1,25,10,8.74
1,25,11,9.48
1,25,12,10.195
1,25,13,10.88
1,25,14,11.555
1,25,15,12.2
1,25,16,12.836
1,25,17,13.445
1,25,18,14.04
1,25,19,14.61
1,25,20,15.17
1,25,21,15.71
1,25,22,16.23
1,25,23,16.73
1,25,24,17.23
1,25,25,17.7
1,25,26,18.17
1,25,27,18.61
1,25,28,19.05
1,25,29,19.45
1,25,30,19.86
1,25,31,20.25
1,25,32,20.62
1,25,33,21.0
1,25,34,21.34
1,25,35,21.69
1,25,36,22.0
1,25,37,22.33
1,25,38,22.62
1,25,39,22.92
1,25,40,23.19
1,25,41,23.45
1,25,42,23.72
1,25,43,23.97
1,25,44,24.2
1,25,45,24.42
1,25,46,24.62
1,25,47,24.83
1,25,48,25.03
1,25,49,25.2
1,25,50,25.38
1,26,1,1.0
1,26,2,1.97
1,26,3,2.91
1,26,4,3.822
1,26,5,4.707
1,26,6,5.562
1,26,7,6.395
1,26,8,7.203
1,26,9,7.984
1,26,10,8.74
1,26,11,9.48
1,26,12,10.19
1,26,13,10.88
1,26,14,11.555
1,26,15,12.2
1,26,16,12.836
1,26,17,13.445
1,26,18,14.04
1,26,19,14.61
1,26,20,15.164
1,26,21,15.7
1,26,22,16.23
1,26,23,16.73
1,26,24,17.22
1,26,25,17.7
1,26,26,18.16
1,26,27,18.61
1,26,28,19.03
1,26,29,19.45
1,26,30,19.86
1,26,31,20.23
1,26,32,20.61
1,26,33,20.98
1,26,34,21.33
1,26,35,21.66
1,26,36,21.98
1,26,37,22.3
1,26,38,22.6
1,26,39,22.89
1,26,40,23.16
1,26,41,23.42
1,26,42,23.67
1,26,43,23.92
1,26,44,24.16
1,26,45,24.38
1,26,46,24.58
1,26,47,24.78
1,26,48,24.95
1,26,49,25.14
1,26,50,25.3
1,27,1,1.0
1,27,2,1.97
1,27,3,2.91
1,27,4,3.822
1,27,5,4.707
1,27,6,5.562
1,27,7,6.395
1,27,8,7.203
1,27,9,7.984
1,27,10,8.74
1,27,11,9.48
1,27,12,10.19
1,27,13,10.88
1,27,14,11.555
1,27,15,12.2
1,27,16,12.836
1,27,17,13.445
1,27,18,14.03
1,27,19,14.61
1,27,20,15.164
1,27,21,15.7
1,27,22,16.22
1,27,23,16.73
1,27,24,17.22
1,27,25,17.69
1,27,26,18.16
1,27,27,18.6
1,27,28,19.03
1,27,29,19.44
1,27,30,19.84
1,27,31,20.23
1,27,32,20.6
1,27,33,20.95
1,27,34,21.31
1,27,35,21.64
1,27,36,21.97
1,27,37,22.27
1,27,38,22.56
1,27,39,22.84
1,27,40,23.12
1,27,41,23.39
1,27,42,23.62
1,27,43,23.88
1,27,44,24.1
1,27,45,24.31
1,27,46,24.52
1,27,47,24.7
1,27,48,24.89
1,27,49,25.06
1,27,50,25.22
1,28,1,1.0
1,28,2,1.97
1,28,3,2.91
1,28,4,3.822
1,28,5,4.707
1,28,6,5.562
1,28,7,6.395
1,28,8,7.203
1,28,9,7.984
1,28,10,8.74
1,28,11,9.48
1,28,12,10.19
1,28,13,10.88
1,28,14,11.555
1,28,15,12.2
1,28,16,12.83
1,28,17,13.445
1,28,18,14.03
1,28,19,14.61
1,28,20,15.164
1,28,21,15.7
1,28,22,16.22
1,28,23,16.73
1,28,24,17.22
1,28,25,17.69
1,28,26,18.14
1,28,27,18.6
1,28,28,19.02
1,28,29,19.42
1,28,30,19.83
1,28,31,20.2
1,28,32,20.58
1,28,33,20.94
1,28,34,21.28
1,28,35,21.61
1,28,36,21.94
1,28,37,22.23
1,28,38,22.53
1,28,39,22.81
1,28,40,23.08
1,28,41,23.34
1,28,42,23.58
1,28,43,23.81
1,28,44,24.03
1,28,45,24.25
1,28,46,24.45
1,28,47,24.64
1,28,48,24.81
1,28,49,24.97
1,28,50,25.12
1,29,1,1.0
1,29,2,1.97
1,29,3,2.91
1,29,4,3.822
1,29,5,4.707
1,29,6,5.562
1,29,7,6.395
1,29,8,7.203
1,29,9,7.984
1,29,10,8.74
1,29,11,9.48
1,29,12,10.19
1,29,13,10.88
1,29,14,11.55
1,29,15,12.2
1,29,16,12.83
1,29,17,13.44
1,29,18,14.03
1,29,19,14.6
1,29,20,15.16
1,29,21,15.695
1,29,22,16.22
1,29,23,16.72
1,29,24,17.2
1,29,25,17.69
1,29,26,18.14
1,29,27,18.58
1,29,28,19.0
1,29,29,19.4
1,29,30,19.81
1,29,31,20.19
1,29,32,20.56
1,29,33,20.92
1,29,34,21.25
1,29,35,21.58
1,29,36,21.9
1,29,37,22.2
1,29,38,22.5
1,29,39,22.77
1,29,40,23.03
1,29,41,23.28
1,29,42,23.53
1,29,43,23.75
1,29,44,23.97
1,29,45,24.17
1,29,46,24.38
1,29,47,24.55
1,29,48,24.72
1,29,49,24.88
1,29,50,25.03
1,30,1,1.0
1,30,2,1.97
1,30,3,2.91
1,30,4,3.822
1,30,5,4.707
1,30,6,5.562
1,30,7,6.395
1,30,8,7.203
1,30,9,7.984
1,30,10,8.74
1,30,11,9.48
1,30,12,10.19
1,30,13,10.88
1,30,14,11.55
1,30,15,12.195
1,30,16,12.83
1,30,17,13.44
1,30,18,14.03
1,30,19,14.6
1,30,20,15.16
1,30,21,15.695
1,30,22,16.22
1,30,23,16.72
1,30,24,17.2
1,30,25,17.67
1,30,26,18.12
1,30,27,18.56
1,30,28,18.98
1,30,29,19.39
1,30,30,19.8
1,30,31,20.17
1,30,32,20.53
1,30,33,20.89
1,30,34,21.23
1,30,35,21.55
1,30,36,21.86
1,30,37,22.16
1,30,38,22.45
1,30,39,22.72
1,30,40,22.98
1,30,41,23.23
1,30,42,23.47
1,30,43,23.69
1,30,44,23.9
1,30,45,24.1
1,30,46,24.28
1,30,47,24.47
1,30,48,24.62
1,30,49,24.78
1,30,50,24.92
1,31,1,1.0
1,31,2,1.97
1,31,3,2.91
1,31,4,3.822
1,31,5,4.707
1,31,6,5.562
1,31,7,6.395
1,31,8,7.2
1,31,9,7.984
1,31,10,8.74
1,31,11,9.48
1,31,12,10.19
1,31,13,10.875
1,31,14,11.55
1,31,15,12.195
1,31,16,12.83
1,31,17,13.44
1,31,18,14.02
1,31,19,14.59
1,31,20,15.15
1,31,21,15.69
1,31,22,16.2
1,31,23,16.7
1,31,24,17.19
1,31,25,17.66
1,31,26,18.11
1,31,27,18.55
1,31,28,18.97
1,31,29,19.38
1,31,30,19.77
1,31,31,20.14
1,31,32,20.52
1,31,33,20.86
1,31,34,21.19
1,31,35,21.52
1,31,36,21.83
1,31,37,22.12
1,31,38,22.4
1,31,39,22.67
1,31,40,22.92
1,31,41,23.17
1,31,42,23.39
1,31,43,23.61
1,31,44,23.81
1,31,45,24.02
1,31,46,24.19
1,31,47,24.36
1,31,48,24.52
1,31,49,24.66
1,31,50,24.8
1,32,1,1.0
1,32,2,1.97
1,32,3,2.91
1,32,4,3.822
1,32,5,4.707
1,32,6,5.562
1,32,7,6.395
1,32,8,7.2
1,32,9,7.98
1,32,10,8.74
1,32,11,9.48
1,32,12,10.19
1,32,13,10.875
1,32,14,11.55
1,32,15,12.195
1,32,16,12.82
1,32,17,13.43
1,32,18,14.02
1,32,19,14.59
1,32,20,15.15
1,32,21,15.68
1,32,22,16.2
1,32,23,16.7
1,32,24,17.17
1,32,25,17.64
1,32,26,18.1
1,32,27,18.53
1,32,28,18.95
1,32,29,19.36
1,32,30,19.75
1,32,31,20.12
1,32,32,20.48
1,32,33,20.83
1,32,34,21.16
1,32,35,21.47
1,32,36,21.78
1,32,37,22.06
1,32,38,22.34
1,32,39,22.61
1,32,40,22.86
1,32,41,23.1
1,32,42,23.33
1,32,43,23.53
1,32,44,23.73
1,32,45,23.92
1,32,46,24.1
1,32,47,24.25
1,32,48,24.4
1,32,49,24.55
1,33,1,1.0
1,33,2,1.97
1,33,3,2.91
1,33,4,3.822
1,33,5,4.707
1,33,6,5.562
1,33,7,6.395
1,33,8,7.2
1,33,9,7.98
1,33,10,8.74
1,33,11,9.48
1,33,12,10.19
1,33,13,10.875
1,33,14,11.55
1,33,15,12.195
1,33,16,12.82
1,33,17,13.43
1,33,18,14.016
1,33,19,14.586
1,33,20,15.14
1,33,21,15.67
1,33,22,16.19
1,33,23,16.69
1,33,24,17.17
1,33,25,17.62
1,33,26,18.08
1,33,27,18.52
1,33,28,18.92
1,33,29,19.33
1,33,30,19.72
1,33,31,20.1
1,33,32,20.44
1,33,33,20.78
1,33,34,21.11
1,33,35,21.42
1,33,36,21.73
1,33,37,22.02
1,33,38,22.28
1,33,39,22.55
1,33,40,22.78
1,33,41,23.02
1,33,42,23.23
1,33,43,23.44
1,33,44,23.64
1,33,45,23.81
1,33,46,23.98
1,33,47,24.14
1,33,48,24.28
1,34,1,1.0
1,34,2,1.97
1,34,3,2.91
1,34,4,3.822
1,34,5,4.707
1,34,6,5.562
1,34,7,6.395
1,34,8,7.2
1,34,9,7.98
1,34,10,8.74
1,34,11,9.48
1,34,12,10.19
1,34,13,10.875
1,34,14,11.54
1,34,15,12.19
1,34,16,12.82
1,34,17,13.42
1,34,18,14.01
1,34,19,14.58
1,34,20,15.13
1,34,21,15.664
1,34,22,16.17
1,34,23,16.67
1,34,24,17.16
1,34,25,17.61
1,34,26,18.06
1,34,27,18.48
1,34,28,18.9
1,34,29,19.3
1,34,30,19.69
1,34,31,20.05
1,34,32,20.4
1,34,33,20.75
1,34,34,21.06
1,34,35,21.38
1,34,36,21.67
1,34,37,21.95
1,34,38,22.22
1,34,39,22.47
1,34,40,22.7
1,34,41,22.94
1,34,42,23.14
1,34,43,23.34
1,34,44,23.53
1,34,45,23.7
1,34,46,23.86
1,34,47,24.0
1,35,1,1.0
1,35,2,1.97
1,35,3,2.91
1,35,4,3.822
1,35,5,4.707
1,35,6,5.562
1,35,7,6.395
1,35,8,7.2
1,35,9,7.98
1,35,10,8.734
1,35,11,9.47
1,35,12,10.18
1,35,13,10.875
1,35,14,11.54
1,35,15,12.19
1,35,16,12.81
1,35,17,13.42
1,35,18,14.01
1,35,19,14.57
1,35,20,15.12
1,35,21,15.65
1,35,22,16.16
1,35,23,16.66
1,35,24,17.14
1,35,25,17.6
1,35,26,18.03
1,35,27,18.47
1,35,28,18.88
1,35,29,19.27
1,35,30,19.64
1,35,31,20.02
1,35,32,20.36
1,35,33,20.69
1,35,34,21.02
1,35,35,21.31
1,35,36,21.61
1,35,37,21.88
1,35,38,22.14
1,35,39,22.39
1,35,40,22.62
1,35,41,22.83
1,35,42,23.05
1,35,43,23.23
1,35,44,23.4
1,35,45,23.58
1,35,46,23.72
1,36,1,1.0
1,36,2,1.97
1,36,3,2.91
1,36,4,3.822
1,36,5,4.707
1,36,6,5.562
1,36,7,6.395
1,36,8,7.2
1,36,9,7.98
1,36,10,8.734
1,36,11,9.47
1,36,12,10.18
1,36,13,10.87
1,36,14,11.54
1,36,15,12.18
1,36,16,12.805
1,36,17,13.414
1,36,18,13.99
1,36,19,14.56
1,36,20,15.11
1,36,21,15.63
1,36,22,16.14
1,36,23,16.64
1,36,24,17.11
1,36,25,17.56
1,36,26,18.02
1,36,27,18.44
1,36,28,18.84
1,36,29,19.23
1,36,30,19.61
1,36,31,19.97
1,36,32,20.31
1,36,33,20.64
1,36,34,20.95
1,36,35,21.25
1,36,36,21.53
1,36,37,21.8
1,36,38,22.05
1,36,39,22.3
1,36,40,22.52
1,36,41,22.73
1,36,42,22.92
1,36,43,23.11
1,36,44,23.28
1,36,45,23.44
1,37,1,1.0
1,37,2,1.97
1,37,3,2.91
1,37,4,3.822
1,37,5,4.707
1,37,6,5.562
1,37,7,6.395
1,37,8,7.2
1,37,9,7.98
1,37,10,8.734
1,37,11,9.47
1,37,12,10.18
1,37,13,10.87
1,37,14,11.53
1,37,15,12.17
1,37,16,12.8
1,37,17,13.41
1,37,18,13.984
1,37,19,14.55
1,37,20,15.09
1,37,21,15.62
1,37,22,16.12
1,37,23,16.61
1,37,24,17.1
1,37,25,17.55
1,37,26,17.98
1,37,27,18.39
1,37,28,18.8
1,37,29,19.19
1,37,30,19.56
1,37,31,19.9
1,37,32,20.25
1,37,33,20.58
1,37,34,20.88
1,37,35,21.17
1,37,36,21.45
1,37,37,21.72
1,37,38,21.95
1,37,39,22.19
1,37,40,22.4
1,37,41,22.61
1,37,42,22.8
1,37,43,22.97
1,37,44,23.14
1,38,1,1.0
1,38,2,1.97
1,38,3,2.91
1,38,4,3.822
1,38,5,4.707
1,38,6,5.562
1,38,7,6.39
1,38,8,7.2
1,38,9,7.977
1,38,10,8.734
1,38,11,9.47
1,38,12,10.17
1,38,13,10.86
1,38,14,11.52
1,38,15,12.17
1,38,16,12.79
1,38,17,13.39
1,38,18,13.98
1,38,19,14.53
1,38,20,15.08
1,38,21,15.6
1,38,22,16.11
1,38,23,16.6
1,38,24,17.06
1,38,25,17.52
1,38,26,17.94
1,38,27,18.36
1,38,28,18.75
1,38,29,19.14
1,38,30,19.5
1,38,31,19.86
1,38,32,20.19
1,38,33,20.5
1,38,34,20.81
1,38,35,21.1
1,38,36,21.36
1,38,37,21.61
1,38,38,21.86
1,38,39,22.08
1,38,40,22.28
1,38,41,22.48
1,38,42,22.66
1,38,43,22.83
1,39,1,1.0
1,39,2,1.97
1,39,3,2.91
1,39,4,3.82
1,39,5,4.703
1,39,6,5.562
1,39,7,6.39
1,39,8,7.195
1,39,9,7.977
1,39,10,8.73
1,39,11,9.46
1,39,12,10.17
1,39,13,10.85
1,39,14,11.516
1,39,15,12.16
1,39,16,12.78
1,39,17,13.38
1,39,18,13.96
1,39,19,14.516
1,39,20,15.055
1,39,21,15.58
1,39,22,16.08
1,39,23,16.56
1,39,24,17.03
1,39,25,17.47
1,39,26,17.9
1,39,27,18.31
1,39,28,18.7
1,39,29,19.08
1,39,30,19.44
1,39,31,19.78
1,39,32,20.11
1,39,33,20.42
1,39,34,20.72
1,39,35,21.0
1,39,36,21.27
1,39,37,21.52
1,39,38,21.73
1,39,39,21.95
1,39,40,22.16
1,39,41,22.34
1,39,42,22.52
1,40,1,1.0
1,40,2,1.97
1,40,3,2.91
1,40,4,3.82
1,40,5,4.703
1,40,6,5.56
1,40,7,6.39
1,40,8,7.195
1,40,9,7.973
1,40,10,8.73
1,40,11,9.46
1,40,12,10.164
1,40,13,10.85
1,40,14,11.51
1,40,15,12.15
1,40,16,12.766
1,40,17,13.37
1,40,18,13.945
1,40,19,14.5
1,40,20,15.03
1,40,21,15.555
1,40,22,16.05
1,40,23,16.53
1,40,24,16.98
1,40,25,17.44
1,40,26,17.86
1,40,27,18.27
1,40,28,18.66
1,40,29,19.02
1,40,30,19.38
1,40,31,19.72
1,40,32,20.03
1,40,33,20.34
1,40,34,20.62
1,40,35,20.89
1,40,36,21.16
1,40,37,21.39
1,40,38,21.61
1,40,39,21.81
1,40,40,22.02
1,40,41,22.19
1,41,1,1.0
1,41,2,1.97
1,41,3,2.91
1,41,4,3.82
1,41,5,4.703
1,41,6,5.56
1,41,7,6.387
1,41,8,7.19
1,41,9,7.97
1,41,10,8.72
1,41,11,9.45
1,41,12,10.16
1,41,13,10.836
1,41,14,11.5
1,41,15,12.14
1,41,16,12.75
1,41,17,13.35
1,41,18,13.92
1,41,19,14.48
1,41,20,15.01
1,41,21,15.52
1,41,22,16.02
1,41,23,16.48
1,41,24,16.95
1,41,25,17.39
1,41,26,17.8
1,41,27,18.2
1,41,28,18.6
1,41,29,18.95
1,41,30,19.3
1,41,31,19.62
1,41,32,19.95
1,41,33,20.23
1,41,34,20.52
1,41,35,20.78
1,41,36,21.03
1,41,37,21.27
1,41,38,21.47
1,41,39,21.67
1,41,40,21.84
1,42,1,1.0
1,42,2,1.97
1,42,3,2.908
1,42,4,3.82
1,42,5,4.703
1,42,6,5.56
1,42,7,6.387
1,42,8,7.188
1,42,9,7.965
1,42,10,8.72
1,42,11,9.445
1,42,12,10.15
1,42,13,10.83
1,42,14,11.484
1,42,15,12.125
1,42,16,12.734
1,42,17,13.33
1,42,18,13.9
1,42,19,14.445
1,42,20,14.98
1,42,21,15.49
1,42,22,15.98
1,42,23,16.45
1,42,24,16.9
1,42,25,17.33
1,42,26,17.75
1,42,27,18.14
1,42,28,18.52
1,42,29,18.88
1,42,30,19.22
1,42,31,19.55
1,42,32,19.84
1,42,33,20.14
1,42,34,20.4
1,42,35,20.66
1,42,36,20.89
1,42,37,21.11
1,42,38,21.31
1,42,39,21.5
1,43,1,1.0
1,43,2,1.97
1,43,3,2.908
1,43,4,3.818
1,43,5,4.703
1,43,6,5.555
1,43,7,6.383
1,43,8,7.184
1,43,9,7.96
1,43,10,8.71
1,43,11,9.44
1,43,12,10.14
1,43,13,10.82
1,43,14,11.48
1,43,15,12.11
1,43,16,12.72
1,43,17,13.305
1,43,18,13.875
1,43,19,14.42
1,43,20,14.945
1,43,21,15.45
1,43,22,15.94
1,43,23,16.4
1,43,24,16.84
1,43,25,17.28
1,43,26,17.69
1,43,27,18.08
1,43,28,18.44
1,43,29,18.8
1,43,30,19.12
1,43,31,19.44
1,43,32,19.73
1,43,33,20.02
1,43,34,20.28
1,43,35,20.52
1,43,36,20.75
1,43,37,20.95
1,43,38,21.16
1,44,1,1.0
1,44,2,1.969
1,44,3,2.908
1,44,4,3.818
1,44,5,4.7
1,44,6,5.555
1,44,7,6.38
1,44,8,7.18
1,44,9,7.957
1,44,10,8.7
1,44,11,9.43
1,44,12,10.125
1,44,13,10.805
1,44,14,11.46
1,44,15,12.086
1,44,16,12.695
1,44,17,13.28
1,44,18,13.84
1,44,19,14.38
1,44,20,14.91
1,44,21,15.41
1,44,22,15.89
1,44,23,16.34
1,44,24,16.8
1,44,25,17.2
1,44,26,17.61
1,44,27,18.0
1,44,28,18.36
1,44,29,18.7
1,44,30,19.03
1,44,31,19.33
1,44,32,19.62
1,44,33,19.89
1,44,34,20.14
1,44,35,20.38
1,44,36,20.6
1,44,37,20.8
1,45,1,1.0
1,45,2,1.969
1,45,3,2.908
1,45,4,3.818
1,45,5,4.7
1,45,6,5.55
1,45,7,6.38
1,45,8,7.176
1,45,9,7.95
1,45,10,8.695
1,45,11,9.42
1,45,12,10.12
1,45,13,10.79
1,45,14,11.44
1,45,15,12.06
1,45,16,12.67
1,45,17,13.25
1,45,18,13.81
1,45,19,14.35
1,45,20,14.87
1,45,21,15.36
1,45,22,15.836
1,45,23,16.3
1,45,24,16.72
1,45,25,17.14
1,45,26,17.53
1,45,27,17.9
1,45,28,18.27
1,45,29,18.6
1,45,30,18.9
1,45,31,19.2
1,45,32,19.48
1,45,33,19.75
1,45,34,19.98
1,45,35,20.22
1,45,36,20.42
1,46,1,1.0
1,46,2,1.969
1,46,3,2.908
1,46,4,3.816
1,46,5,4.695
1,46,6,5.547
1,46,7,6.37
1,46,8,7.17
1,46,9,7.94
1,46,10,8.69
1,46,11,9.41
1,46,12,10.1
1,46,13,10.77
1,46,14,11.42
1,46,15,12.04
1,46,16,12.64
1,46,17,13.22
1,46,18,13.77
1,46,19,14.305
1,46,20,14.82
1,46,21,15.31
1,46,22,15.78
1,46,23,16.22
1,46,24,16.66
1,46,25,17.06
1,46,26,17.45
1,46,27,17.81
1,46,28,18.16
1,46,29,18.48
1,46,30,18.8
1,46,31,19.08
1,46,32,19.34
1,46,33,19.6
1,46,34,19.83
1,46,35,20.03
1,47,1,1.0
1,47,2,1.969
1,47,3,2.906
1,47,4,3.814
1,47,5,4.695
1,47,6,5.547
1,47,7,6.367
1,47,8,7.164
1,47,9,7.934
1,47,10,8.68
1,47,11,9.39
1,47,12,10.086
1,47,13,10.75
1,47,14,11.4
1,47,15,12.016
1,47,16,12.61
1,47,17,13.19
1,47,18,13.734
1,47,19,14.266
1,47,20,14.766
1,47,21,15.25
1,47,22,15.71
1,47,23,16.16
1,47,24,16.58
1,47,25,16.97
1,47,26,17.34
1,47,27,17.7
1,47,28,18.05
1,47,29,18.36
1,47,30,18.66
1,47,31,18.94
1,47,32,19.19
1,47,33,19.42
1,47,34,19.66
1,48,1,1.0
1,48,2,1.969
1,48,3,2.906
1,48,4,3.814
1,48,5,4.69
1,48,6,5.543
1,48,7,6.363
1,48,8,7.156
1,48,9,7.926
1,48,10,8.664
1,48,11,9.38
1,48,12,10.07
1,48,13,10.734
1,48,14,11.375
1,48,15,11.984
1,48,16,12.58
1,48,17,13.15
1,48,18,13.695
1,48,19,14.21
1,48,20,14.71
1,48,21,15.19
1,48,22,15.65
1,48,23,16.08
1,48,24,16.48
1,48,25,16.88
1,48,26,17.25
1,48,27,17.6
1,48,28,17.92
1,48,29,18.23
1,48,30,18.52
1,48,31,18.78
1,48,32,19.03
1,48,33,19.25
1,49,1,1.0
1,49,2,1.968
1,49,3,2.906
1,49,4,3.812
1,49,5,4.69
1,49,6,5.54
1,49,7,6.36
1,49,8,7.15
1,49,9,7.914
1,49,10,8.65
1,49,11,9.37
1,49,12,10.05
1,49,13,10.71
1,49,14,11.34
1,49,15,11.95
1,49,16,12.54
1,49,17,13.1
1,49,18,13.64
1,49,19,14.16
1,49,20,14.65
1,49,21,15.125
1,49,22,15.57
1,49,23,15.99
1,49,24,16.39
1,49,25,16.78
1,49,26,17.14
1,49,27,17.47
1,49,28,17.78
1,49,29,18.08
1,49,30,18.36
1,49,31,18.61
1,49,32,18.84
1,50,1,1.0
1,50,2,1.968
1,50,3,2.904
1,50,4,3.81
1,50,5,4.688
1,50,6,5.535
1,50,7,6.35
1,50,8,7.14
1,50,9,7.902
1,50,10,8.64
1,50,11,9.34
1,50,12,10.03
1,50,13,10.69
1,50,14,11.31
1,50,15,11.92
1,50,16,12.5
1,50,17,13.055
1,50,18,13.59
1,50,19,14.1
1,50,20,14.586
1,50,21,15.05
1,50,22,15.484
1,50,23,15.9
1,50,24,16.3
1,50,25,16.67
1,50,26,17.02
1,50,27,17.34
1,50,28,17.64
1,50,29,17.92
1,50,30,18.19
1,50,31,18.44
1,51,1,1.0
1,51,2,1.968
1,51,3,2.904
1,51,4,3.809
1,51,5,4.684
1,51,6,5.527
1,51,7,6.344
1,51,8,7.133
1,51,9,7.89
1,51,10,8.625
1,51,11,9.33
1,51,12,10.01
1,51,13,10.66
1,51,14,11.28
1,51,15,11.88
1,51,16,12.46
1,51,17,13.01
1,51,18,13.53
1,51,19,14.03
1,51,20,14.51
1,51,21,14.96
1,51,22,15.39
1,51,23,15.8
1,51,24,16.19
1,51,25,16.55
1,51,26,16.88
1,51,27,17.19
1,51,28,17.48
1,51,29,17.75
1,51,30,18.0
1,52,1,1.0
1,52,2,1.968
1,52,3,2.902
1,52,4,3.807
1,52,5,4.68
1,52,6,5.523
1,52,7,6.336
1,52,8,7.12
1,52,9,7.88
1,52,10,8.6
1,52,11,9.305
1,52,12,9.98
1,52,13,10.625
1,52,14,11.25
1,52,15,11.84
1,52,16,12.41
1,52,17,12.95
1,52,18,13.47
1,52,19,13.96
1,52,20,14.43
1,52,21,14.875
1,52,22,15.3
1,52,23,15.69
1,52,24,16.06
1,52,25,16.4
1,52,26,16.73
1,52,27,17.03
1,52,28,17.31
1,52,29,17.58
1,53,1,1.0
1,53,2,1.967
1,53,3,2.902
1,53,4,3.805
1,53,5,4.676
1,53,6,5.516
1,53,7,6.33
1,53,8,7.11
1,53,9,7.863
1,53,10,8.586
1,53,11,9.28
1,53,12,9.95
1,53,13,10.59
1,53,14,11.21
1,53,15,11.8
1,53,16,12.36
1,53,17,12.89
1,53,18,13.4
1,53,19,13.88
1,53,20,14.34
1,53,21,14.78
1,53,22,15.19
1,53,23,15.57
1,53,24,15.93
1,53,25,16.27
1,53,26,16.58
1,53,27,16.88
1,53,28,17.14
1,54,1,1.0
1,54,2,1.967
1,54,3,2.9
1,54,4,3.8
1,54,5,4.67
1,54,6,5.51
1,54,7,6.32
1,54,8,7.098
1,54,9,7.848
1,54,10,8.56
1,54,11,9.26
1,54,12,9.92
1,54,13,10.555
1,54,14,11.164
1,54,15,11.74
1,54,16,12.3
1,54,17,12.83
1,54,18,13.33
1,54,19,13.805
1,54,20,14.25
1,54,21,14.67
1,54,22,15.07
1,54,23,15.445
1,54,24,15.79
1,54,25,16.11
1,54,26,16.4
1,54,27,16.69
1,55,1,1.0
1,55,2,1.966
1,55,3,2.898
1,55,4,3.799
1,55,5,4.668
1,55,6,5.504
1,55,7,6.31
1,55,8,7.082
1,55,9,7.83
1,55,10,8.55
1,55,11,9.23
1,55,12,9.89
1,55,13,10.516
1,55,14,11.12
1,55,15,11.69
1,55,16,12.234
1,55,17,12.76
1,55,18,13.24
1,55,19,13.71
1,55,20,14.15
1,55,21,14.56
1,55,22,14.945
1,55,23,15.305
1,55,24,15.64
1,55,25,15.945
1,55,26,16.23
1,56,1,1.0
1,56,2,1.966
1,56,3,2.896
1,56,4,3.795
1,56,5,4.66
1,56,6,5.496
1,56,7,6.297
1,56,8,7.07
1,56,9,7.81
1,56,10,8.52
1,56,11,9.2
1,56,12,9.85
1,56,13,10.48
1,56,14,11.07
1,56,15,11.63
1,56,16,12.164
1,56,17,12.68
1,56,18,13.16
1,56,19,13.61
1,56,20,14.04
1,56,21,14.44
1,56,22,14.805
1,56,23,15.16
1,56,24,15.48
1,56,25,15.766
1,57,1,1.0
1,57,2,1.965
1,57,3,2.896
1,57,4,3.793
1,57,5,4.656
1,57,6,5.49
1,57,7,6.285
1,57,8,7.05
1,57,9,7.79
1,57,10,8.49
1,57,11,9.164
1,57,12,9.81
1,57,13,10.43
1,57,14,11.01
1,57,15,11.57
1,57,16,12.09
1,57,17,12.59
1,57,18,13.06
1,57,19,13.5
1,57,20,13.914
1,57,21,14.3
1,57,22,14.66
1,57,23,14.99
1,57,24,15.3
1,58,1,1.0
1,58,2,1.965
1,58,3,2.895
1,58,4,3.79
1,58,5,4.65
1,58,6,5.477
1,58,7,6.273
1,58,8,7.035
1,58,9,7.766
1,58,10,8.46
1,58,11,9.13
1,58,12,9.766
1,58,13,10.375
1,58,14,10.95
1,58,15,11.49
1,58,16,12.01
1,58,17,12.5
1,58,18,12.95
1,58,19,13.38
1,58,20,13.78
1,58,21,14.16
1,58,22,14.5
1,58,23,14.81
1,59,1,1.0
1,59,2,1.964
1,59,3,2.893
1,59,4,3.785
1,59,5,4.645
1,59,6,5.47
1,59,7,6.258
1,59,8,7.016
1,59,9,7.74
1,59,10,8.43
1,59,11,9.09
1,59,12,9.72
1,59,13,10.32
1,59,14,10.88
1,59,15,11.42
1,59,16,11.92
1,59,17,12.4
1,59,18,12.84
1,59,19,13.26
1,59,20,13.64
1,59,21,14.0
1,59,22,14.33
1,60,1,1.0
1,60,2,1.963
1,60,3,2.889
1,60,4,3.78
1,60,5,4.637
1,60,6,5.457
1,60,7,6.242
1,60,8,6.992
1,60,9,7.71
1,60,10,8.4
1,60,11,9.05
1,60,12,9.67
1,60,13,10.26
1,60,14,10.81
1,60,15,11.336
1,60,16,11.83
1,60,17,12.29
1,60,18,12.72
1,60,19,13.12
1,60,20,13.484
1,60,21,13.83
1,61,1,1.0
1,61,2,1.962
1,61,3,2.887
1,61,4,3.775
1,61,5,4.63
1,61,6,5.445
1,61,7,6.223
1,61,8,6.97
1,61,9,7.684
1,61,10,8.36
1,61,11,9.0
1,61,12,9.61
1,61,13,10.19
1,61,14,10.734
1,61,15,11.24
1,61,16,11.72
1,61,17,12.164
1,61,18,12.586
1,61,19,12.97
1,61,20,13.32
1,62,1,1.0
1,62,2,1.961
1,62,3,2.885
1,62,4,3.77
1,62,5,4.617
1,62,6,5.43
1,62,7,6.207
1,62,8,6.945
1,62,9,7.65
1,62,10,8.32
1,62,11,8.95
1,62,12,9.55
1,62,13,10.12
1,62,14,10.65
1,62,15,11.14
1,62,16,11.61
1,62,17,12.04
1,62,18,12.44
1,62,19,12.805
1,63,1,1.0
1,63,2,1.96
1,63,3,2.88
1,63,4,3.764
1,63,5,4.61
1,63,6,5.414
1,63,7,6.184
1,63,8,6.914
1,63,9,7.613
1,63,10,8.27
1,63,11,8.89
1,63,12,9.484
1,63,13,10.03
1,63,14,10.55
1,63,15,11.03
1,63,16,11.484
1,63,17,11.9
1,63,18,12.28
1,64,1,1.0
1,64,2,1.959
1,64,3,2.879
1,64,4,3.758
1,64,5,4.598
1,64,6,5.4
1,64,7,6.16
1,64,8,6.883
1,64,9,7.57
1,64,10,8.22
1,64,11,8.83
1,64,12,9.41
1,64,13,9.945
1,64,14,10.445
1,64,15,10.914
1,64,16,11.35
1,64,17,11.74
1,65,1,1.0
1,65,2,1.958
1,65,3,2.875
1,65,4,3.75
1,65,5,4.586
1,65,6,5.38
1,65,7,6.137
1,65,8,6.85
1,65,9,7.527
1,65,10,8.164
1,65,11,8.766
1,65,12,9.33
1,65,13,9.85
1,65,14,10.336
1,65,15,10.79
1,65,16,11.2
1,66,1,1.0
1,66,2,1.957
1,66,3,2.871
1,66,4,3.742
1,66,5,4.57
1,66,6,5.36
1,66,7,6.105
1,66,8,6.812
1,66,9,7.477
1,66,10,8.1
1,66,11,8.69
1,66,12,9.234
1,66,13,9.74
1,66,14,10.22
1,66,15,10.65
1,67,1,1.0
1,67,2,1.955
1,67,3,2.867
1,67,4,3.732
1,67,5,4.56
1,67,6,5.336
1,67,7,6.074
1,67,8,6.773
1,67,9,7.426
1,67,10,8.04
1,67,11,8.61
1,67,12,9.14
1,67,13,9.63
1,67,14,10.086
1,68,1,1.0
1,68,2,1.954
1,68,3,2.861
1,68,4,3.725
1,68,5,4.54
1,68,6,5.312
1,68,7,6.043
1,68,8,6.727
1,68,9,7.367
1,68,10,7.965
1,68,11,8.52
1,68,12,9.04
1,68,13,9.516
1,69,1,1.0
1,69,2,1.952
1,69,3,2.855
1,69,4,3.713
1,69,5,4.523
1,69,6,5.285
1,69,7,6.004
1,69,8,6.676
1,69,9,7.305
1,69,10,7.89
1,69,11,8.43
1,69,12,8.93
1,70,1,1.0
1,70,2,1.95
1,70,3,2.85
1,70,4,3.701
1,70,5,4.504
1,70,6,5.258
1,70,7,5.965
1,70,8,6.625
1,70,9,7.24
1,70,10,7.805
1,70,11,8.33
1,71,1,1.0
1,71,2,1.948
1,71,3,2.844
1,71,4,3.69
1,71,5,4.484
1,71,6,5.227
1,71,7,5.92
1,71,8,6.566
1,71,9,7.164
1,71,10,7.715
1,72,1,1.0
1,72,2,1.945
1,72,3,2.836
1,72,4,3.674
1,72,5,4.46
1,72,6,5.19
1,72,7,5.87
1,72,8,6.504
1,72,9,7.082
1,73,1,1.0
1,73,2,1.942
1,73,3,2.828
1,73,4,3.658
1,73,5,4.434
1,73,6,5.152
1,73,7,5.82
1,73,8,6.434
1,74,1,1.0
1,74,2,1.939
1,74,3,2.82
1,74,4,3.643
1,74,5,4.406
1,74,6,5.113
1,74,7,5.766
1,75,1,1.0
1,75,2,1.937
1,75,3,2.81
1,75,4,3.623
1,75,5,4.375
1,75,6,5.07
1,76,1,1.0
1,76,2,1.934
1,76,3,2.8
1,76,4,3.604
1,76,5,4.344
1,77,1,1.0
1,77,2,1.93
1,77,3,2.79
1,77,4,3.582
1,78,1,1.0
1,78,2,1.926
1,78,3,2.777
1,79,1,1.0
1,79,2,1.921
1,80,1,1.0
